"start_pos_settlements_onscreen_name_settlement:emp_mauretania_tingis2130431786"	"Τίγγις"	"True"
"start_pos_settlements_onscreen_name_settlement:rom_arabia_magna_dilmun:gerrha2130425914"	"Γέρρα"	"True"
"start_pos_settlements_onscreen_name_settlement:emp_caucasia_mtskheta2130431458"	"Μτσκέτα"	"True"
"start_pos_settlements_onscreen_name_settlement:rom_thracia_thracia:pulpudeva2130426713"	"Φιλιππούπολη"	"True"
"start_pos_settlements_onscreen_name_settlement:emp_mauretania_rutubis2130431779"	"Ρουσιβίς"	"True"
"start_pos_settlements_onscreen_name_settlement:emp_africa_hadrumentum2130431187"	"Αδρύμητον"	"True"
"start_pos_settlements_onscreen_name_settlement:emp_numidia_dimmidi2130431878"	"Διμιδί"	"True"
"start_pos_settlements_onscreen_name_settlement:gaul_britannia_iska2130427212"	"Ίσκα"	"True"
"start_pos_settlements_onscreen_name_settlement:rom_hellas_peloponnesos:sparta2130426251"	"Σπάρτη"	"True"
"start_pos_settlements_onscreen_name_settlement:emp_hispania_saguntum2130428695"	"Σάγουντον"	"True"
"start_pos_settlements_onscreen_name_settlement:emp_thracia_pulpudeva2130432134"	"Τριμόντιον"	"True"
"start_pos_settlements_onscreen_name_settlement:gaul_arduenna_silva_durocorteron2130427167"	"Δουροκόττορον"	"True"
"start_pos_settlements_onscreen_name_settlement:rom_ponto_caspia_cimmeria:solokha2130426528"	"Σολώκα"	"True"
"start_pos_settlements_onscreen_name_settlement:emp_bactria_baktria2130431320"	"Βακτρία"	"True"
"start_pos_settlements_onscreen_name_settlement:emp_italia_beneventum2130431658"	"Μπενεβέντο"	"True"
"start_pos_settlements_onscreen_name_settlement:emp_aria_amul2130428338"	"Αμούλ"	"True"
"start_pos_settlements_onscreen_name_settlement:emp_italia_brundisium2130428723"	"Μπρίντιζι"	"True"
"start_pos_settlements_onscreen_name_settlement:pun_gallia_transalpina_tolosa2130427992"	"Τολώσα"	"True"
"start_pos_settlements_onscreen_name_settlement:pun_sicilia_lilybaeum2130428113"	"Λιλύβαιο"	"True"
"start_pos_settlements_onscreen_name_settlement:rom_magna_graecia_lilybaion:lilybaeum2130425797"	"Λιλύβαιο"	"True"
"start_pos_settlements_onscreen_name_settlement:pel_epeiros_korkyra2130429929"	"Κέρκυρα"	"True"
"start_pos_settlements_onscreen_name_settlement:emp_bactria_baktria2130428405"	"Βακτρία"	"True"
"start_pos_settlements_onscreen_name_settlement:emp_aria_amul2130431258"	"Αμούλ"	"True"
"start_pos_settlements_onscreen_name_settlement:rom_tarraconensis_tarraconensis:tarraco2130426690"	"Ταρράκων"	"True"
"start_pos_settlements_onscreen_name_settlement:emp_mauretania_rutubis2130428837"	"Ρουσιβίς"	"True"
"start_pos_settlements_onscreen_name_settlement:rom_lusitania_lusitania:olisipo2130426342"	"Ολισσιπόνα"	"True"
"start_pos_settlements_onscreen_name_settlement:emp_palmyra_palmyra2130428968"	"Παλμύρα"	"True"
"start_pos_settlements_onscreen_name_settlement:pun_umbria_et_picenum_pisaurum2130428047"	"Πέζαρο"	"True"
"start_pos_settlements_onscreen_name_settlement:emp_bithynia_et_pontus_nicomedia2130431383"	"Νικομήδεια"	"True"
"start_pos_settlements_onscreen_name_settlement:emp_italia_beneventum2130428718"	"Μπενεβέντο"	"True"
"start_pos_settlements_onscreen_name_settlement:emp_bithynia_et_pontus_sinope2130428449"	"Σινώπη"	"True"
"start_pos_settlements_onscreen_name_settlement:rom_italia_latium:roma2130425779"	"Ρώμη"	"True"
"start_pos_settlements_onscreen_name_settlement:pel_elis_olympia2130429849"	"Ολυμπία"	"True"
"start_pos_settlements_onscreen_name_settlement:rom_cilicia_cyprus:salamis2130426158"	"Σαλαμίνα"	"True"
"start_pos_settlements_onscreen_name_settlement:pun_corsica_et_sardinia_olbia2130428124"	"Όλμπια"	"True"
"start_pos_settlements_onscreen_name_settlement:emp_italia_brundisium2130431661"	"Μπρίντιζι"	"True"
"start_pos_settlements_onscreen_name_settlement:emp_pannonia_singidun2130431909"	"Σίρμιο"	"True"
"start_pos_settlements_onscreen_name_settlement:emp_caucasia_mtskheta2130428522"	"Μτσκέτα"	"True"
"start_pos_settlements_onscreen_name_settlement:pel_epeiros_antigonia2130429932"	"Αντιγόνεια"	"True"
"start_pos_settlements_onscreen_name_settlement:pro_campania_cilento:salernum2130426968"	"Σαλέρνο"	"True"
"start_pos_settlements_onscreen_name_settlement:rom_aegyptos_ta_shemau:diospolis2130425854"	"Διόσπολις"	"True"
"start_pos_settlements_onscreen_name_settlement:rom_africa_zeugitana:carthago2130425810"	"Καρχηδόνα"	"True"
"start_pos_settlements_onscreen_name_settlement:pro_campania_cilento:salernum2130427078"	"Σαλέρνο"	"True"
"start_pos_settlements_onscreen_name_settlement:emp_aria_merv2130428346"	"Μέρβ"	"True"
"start_pos_settlements_onscreen_name_settlement:emp_hercynia_budorgis2130431602"	"Μπουντόργκις"	"True"
"start_pos_settlements_onscreen_name_settlement:emp_aegyptos_myos_hormos2130431162"	"Μύος Ορμός"	"True"
"start_pos_settlements_onscreen_name_settlement:emp_bithynia_et_pontus_nicomedia2130428443"	"Νικομήδεια"	"True"
"start_pos_settlements_onscreen_name_settlement:emp_bithynia_et_pontus_sinope2130431386"	"Σινώπη"	"True"
"start_pos_settlements_onscreen_name_settlement:rom_sarmatia_aestia:mons_regius2130426575"	"Μόντρεαλ"	"True"
"start_pos_settlements_onscreen_name_settlement:rom_illyria_illyria:epidamnos2130426275"	"Επίδαμνος"	"True"
"start_pos_settlements_onscreen_name_settlement:emp_palmyra_palmyra2130431895"	"Παλμύρα"	"True"
"start_pos_settlements_onscreen_name_settlement:emp_galatia_et_cappadocia_side2130428612"	"Σιντέ"	"True"
"start_pos_settlements_onscreen_name_settlement:rom_sarmatia_pripet:tur2130426587"	"Τούρ"	"True"
"start_pos_settlements_onscreen_name_settlement:emp_aria_merv2130431268"	"Μέρβ"	"True"
"start_pos_settlements_onscreen_name_settlement:emp_hispania_saguntum2130431632"	"Σάγουντον"	"True"
"start_pos_settlements_onscreen_name_settlement:emp_thracia_pulpudeva2130429196"	"Πουλπουδέβα"	"True"
"start_pos_settlements_onscreen_name_settlement:emp_aegyptos_myos_hormos2130428247"	"Μύος Ορμός"	"True"
"start_pos_settlements_onscreen_name_settlement:emp_thracia_antheia2130432110"	"Απολλωνία Ποντική"	"True"
"start_pos_settlements_onscreen_name_settlement:rom_thracia_dardania:naissos2130426702"	"Νάϊσος"	"True"
"start_pos_settlements_onscreen_name_settlement:pro_campania_cilento:salernum2130427028"	"Σαλέρνο"	"True"
"start_pos_settlements_onscreen_name_settlement:pun_corsica_et_sardinia_alalia2130428130"	"Αλαλία"	"True"
"start_pos_settlements_onscreen_name_settlement:emp_arabia_felix_marib2130431238"	"Μαρίμπ"	"True"
"start_pos_settlements_onscreen_name_settlement:emp_mauretania_tingis2130428850"	"Τιγγίς"	"True"
"start_pos_settlements_onscreen_name_settlement:gaul_senonia_alesia2130427386"	"Αλέσια"	"True"
"start_pos_settlements_onscreen_name_settlement:emp_thracia_antheia2130429174"	"Άνθεια"	"True"
"start_pos_settlements_onscreen_name_settlement:rom_italia_samnium:beneventum2130425789"	"Νεάπολη"	"True"
"start_pos_settlements_onscreen_name_settlement:rom_libue_marmarica:paraitonion2130426316"	"Παραιτόνιον"	"True"
"start_pos_settlements_onscreen_name_settlement:emp_hercynia_budorgis2130428667"	"Μπουντόργκις"	"True"
"start_pos_settlements_onscreen_name_settlement:emp_pannonia_singidun2130428980"	"Σίνγκιντουμ"	"True"
"start_pos_settlements_onscreen_name_settlement:rom_macedonia_thessalia:larissa2130426351"	"Λάρισα"	"True"
"start_pos_settlements_onscreen_name_settlement:emp_arabia_felix_marib2130428305"	"Μαρίμπ"	"True"
"start_pos_settlements_onscreen_name_settlement:emp_galatia_et_cappadocia_side2130431540"	"Σιντέ"	"True"
"start_pos_settlements_onscreen_name_settlement:emp_narbonensis_narbo2130431853"	"Ναρβών"	"True"
"start_pos_settlements_onscreen_name_settlement:emp_scythia_gelonus2130429084"	"Γέλωνος"	"True"
"start_pos_settlements_onscreen_name_settlement:emp_baetica_toletum2130428423"	"Τώλητον"	"True"
"start_pos_settlements_onscreen_name_settlement:pro_latium_latium:roma2130426969"	"Ρώμη"	"True"
"start_pos_settlements_onscreen_name_settlement:emp_corsica_et_sardinia_aleria2130428556"	"Αλερία"	"True"
"start_pos_settlements_onscreen_name_settlement:emp_thracia_naissos2130432119"	"Ναϊσσός"	"True"
"start_pos_settlements_onscreen_name_settlement:pel_dodekanisa_lindos2130430091"	"Λίνδος"	"True"
"start_pos_settlements_onscreen_name_settlement:emp_mesopotamia_hatra2130431825"	"Χάτρα"	"True"
"start_pos_settlements_onscreen_name_settlement:emp_baetica_corduba2130428414"	"Καρδύβη"	"True"
"start_pos_settlements_onscreen_name_settlement:pun_celtiberia_toletum2130427963"	"Τώλητον"	"True"
"start_pos_settlements_onscreen_name_settlement:pel_lakedaimon_kythera2130429820"	"Κύθηρα"	"True"
"start_pos_settlements_onscreen_name_settlement:emp_germania_minor_bavay2130428655"	"Μπαβαί"	"True"
"start_pos_settlements_onscreen_name_settlement:rom_magna_graecia_calabria:brundisium2130425809"	"Μπρίντιζι"	"True"
"start_pos_settlements_onscreen_name_settlement:pun_mauretania_tingis2130428134"	"Τιγγίς"	"True"
"start_pos_settlements_onscreen_name_settlement:emp_thracia_odessos2130432124"	"Οδησσός"	"True"
"start_pos_settlements_onscreen_name_settlement:pun_gallia_cisalpina_vercellae2130428018"	"Βερτσέλλι"	"True"
"start_pos_settlements_onscreen_name_settlement:pel_lakedaimon_sparta2130429810"	"Σπάρτη"	"True"
"start_pos_settlements_onscreen_name_settlement:emp_baetica_toletum2130431360"	"Τώλητον"	"True"
"start_pos_settlements_onscreen_name_settlement:emp_carmania_bam2130428497"	"Μπάμ"	"True"
"start_pos_settlements_onscreen_name_settlement:pel_aitolia_naupaktos2130429751"	"Ναύπακτος"	"True"
"start_pos_settlements_onscreen_name_settlement:emp_pannonia_aquincum2130428977"	"Ακουίνκουμ"	"True"
"start_pos_settlements_onscreen_name_settlement:rom_ponto_caspia_didoya:samandar2130426530"	"Σαμαντάρ"	"True"
"start_pos_settlements_onscreen_name_settlement:pro_latium_latium:roma2130427031"	"Ρώμη"	"True"
"start_pos_settlements_onscreen_name_settlement:rom_arabia_felix_himyar:eudaemon2130425899"	"Ευδαίμων"	"True"
"start_pos_settlements_onscreen_name_settlement:pun_gallia_cisalpina_patavium2130428007"	"Πατάβιουμ"	"True"
"start_pos_settlements_onscreen_name_settlement:emp_narbonensis_narbo2130428931"	"Ναρβών"	"True"
"start_pos_settlements_onscreen_name_settlement:rom_silesia_leda:belz2130426613"	"Μπέλζ"	"True"
"start_pos_settlements_onscreen_name_settlement:emp_thracia_naissos2130429176"	"Ναϊσσός"	"True"
"start_pos_settlements_onscreen_name_settlement:rom_mesopotamia_mesene:charax2130426444"	"Χάραξ"	"True"
"start_pos_settlements_onscreen_name_settlement:emp_bithynia_et_pontus_amaseia2130428442"	"Αμάσεια"	"True"
"start_pos_settlements_onscreen_name_settlement:rom_galatia_et_cappadocia_cappadocia:mazaca2130426205"	"Μάζακα"	"True"
"start_pos_settlements_onscreen_name_settlement:emp_hispania_numantia2130431625"	"Νουμάντια"	"True"
"start_pos_settlements_onscreen_name_settlement:emp_baetica_corduba2130431341"	"Καρδύβη"	"True"
"start_pos_settlements_onscreen_name_settlement:emp_persis_gor2130431938"	"Γκορ"	"True"
"start_pos_settlements_onscreen_name_settlement:emp_persis_persepolis2130429016"	"Περσέπολη"	"True"
"start_pos_settlements_onscreen_name_settlement:rom_germania_minor_germania_superior:vesontio2130426239"	"Βεσόντιος"	"True"
"start_pos_settlements_onscreen_name_settlement:rom_syria_syria:antioch2130426674"	"Αντιόχεια"	"True"
"start_pos_settlements_onscreen_name_settlement:pun_gallia_cisalpina_placentia2130428016"	"Πλακεντία"	"True"
"start_pos_settlements_onscreen_name_settlement:pel_argolis_korinthos2130429831"	"Κόρινθος"	"True"
"start_pos_settlements_onscreen_name_settlement:emp_mesopotamia_hatra2130428898"	"Χάτρα"	"True"
"start_pos_settlements_onscreen_name_settlement:emp_thracia_odessos2130429186"	"Οδησσός"	"True"
"start_pos_settlements_onscreen_name_settlement:pel_aitolia_thermon2130429879"	"Θέρμος"	"True"
"start_pos_settlements_onscreen_name_settlement:pun_sicilia_messana2130428106"	"Μεσσήνη"	"True"
"start_pos_settlements_onscreen_name_settlement:emp_scythia_gelonus2130432024"	"Γέλωνος"	"True"
"start_pos_settlements_onscreen_name_settlement:emp_bithynia_et_pontus_amaseia2130431380"	"Αμάσεια"	"True"
"start_pos_settlements_onscreen_name_settlement:emp_arabia_magna_yathrib2130431249"	"Γιαθρίμπ"	"True"
"start_pos_settlements_onscreen_name_settlement:emp_sicily_agrigentum2130432054"	"Αγκριτζέντο"	"True"
"start_pos_settlements_onscreen_name_settlement:gaul_aquitania_sotium2130427153"	"Σωτήμ"	"True"
"start_pos_settlements_onscreen_name_settlement:rom_corsica_et_sardinia_corsica:alalia2130425749"	"Αλαλία"	"True"
"start_pos_settlements_onscreen_name_settlement:rom_thracia_moesia:odessos2130426706"	"Οδησσός"	"True"
"start_pos_settlements_onscreen_name_settlement:pel_ambrakia_ambrakia2130429874"	"Αμβρακία"	"True"
"start_pos_settlements_onscreen_name_settlement:emp_pannonia_aquincum2130431898"	"Ακουίνκουμ"	"True"
"start_pos_settlements_onscreen_name_settlement:rom_belgica_arduenna_silva:treverorum2130425999"	"Τρεβερόρουμ"	"True"
"start_pos_settlements_onscreen_name_settlement:emp_asia_ephesus2130431303"	"Έφεσος"	"True"
"start_pos_settlements_onscreen_name_settlement:emp_hispania_numantia2130428691"	"Νουμάντια"	"True"
"start_pos_settlements_onscreen_name_settlement:emp_corsica_et_sardinia_aleria2130431496"	"Αλερία"	"True"
"start_pos_settlements_onscreen_name_settlement:emp_asia_ephesus2130428379"	"Έφεσος"	"True"
"start_pos_settlements_onscreen_name_settlement:emp_arabia_magna_yathrib2130428329"	"Γιαθρίμπ"	"True"
"start_pos_settlements_onscreen_name_settlement:emp_persis_persepolis2130431947"	"Περσέπολη"	"True"
"start_pos_settlements_onscreen_name_settlement:rom_nabataea_iudaea:jerusalem2130426456"	"Ιερουσαλήμ"	"True"
"start_pos_settlements_onscreen_name_settlement:pun_etruria_tarquinii2130428021"	"Ταρκινία"	"True"
"start_pos_settlements_onscreen_name_settlement:pun_mauretania_rutubis2130428140"	"Ρουσιβίς"	"True"
"start_pos_settlements_onscreen_name_settlement:pun_turdetania_kartuba2130427921"	"Κορδύβη"	"True"
"start_pos_settlements_onscreen_name_settlement:pel_hellespontos_kypsela2130429975"	"Κυψέλα"	"True"
"start_pos_settlements_onscreen_name_settlement:pro_latium_latium:roma2130427085"	"Ρώμη"	"True"
"start_pos_settlements_onscreen_name_settlement:emp_carmania_bam2130431433"	"Μπάμ"	"True"
"start_pos_settlements_onscreen_name_settlement:emp_sicily_agrigentum2130429110"	"Αγκριτζέντο"	"True"
"start_pos_settlements_onscreen_name_settlement:rom_cartaginensis_celtiberia:numantia2130426116"	"Νουμάντια"	"True"
"start_pos_settlements_onscreen_name_settlement:emp_cisalpina_patavium2130428553"	"Πατάβιουμ"	"True"
"start_pos_settlements_onscreen_name_settlement:rom_arabia_felix_maka:maas_gat2130425902"	"Μουσκάτ"	"True"
"start_pos_settlements_onscreen_name_settlement:pun_samnium_beneventum2130428073"	"Μπενεβέντο"	"True"
"start_pos_settlements_onscreen_name_settlement:rom_scythia_usturt:aktau2130426605"	"Ακτό"	"True"
"start_pos_settlements_onscreen_name_settlement:rom_italia_picenum:ariminum2130425770"	"Αρίμινο"	"True"
"start_pos_settlements_onscreen_name_settlement:emp_suebia_virunium2130432079"	"Βιρούνιο"	"True"
"start_pos_settlements_onscreen_name_settlement:rom_persis_parsa:persepolis2130426515"	"Περσέπολη"	"True"
"start_pos_settlements_onscreen_name_settlement:rom_provincia_narbonensis:tolosa2130426551"	"Τολώσα"	"True"
"start_pos_settlements_onscreen_name_settlement:pun_hispania_citerior_salduba2130427955"	"Σαλντούμπα"	"True"
"start_pos_settlements_onscreen_name_settlement:gaul_helvetia_turicum2130427273"	"Τουρίκουμ"	"True"
"start_pos_settlements_onscreen_name_settlement:rom_magna_germania_silva_bacenis:tulifurdum2130426370"	"Τουλίφουρδον"	"True"
"start_pos_settlements_onscreen_name_settlement:rom_caucasia_colchis:phasis2130426123"	"Φάσις"	"True"
"start_pos_settlements_onscreen_name_settlement:emp_britannia_sleaford2130428494"	"Σλιφόρδη"	"True"
"start_pos_settlements_onscreen_name_settlement:emp_magna_germania_treva2130431774"	"Τρέβα"	"True"
"start_pos_settlements_onscreen_name_settlement:rom_suebia_cimbria:alabu2130426637"	"Αλαμπού"	"True"
"start_pos_settlements_onscreen_name_settlement:emp_media_magna_gazaca2130431798"	"Γάζακα"	"True"
"start_pos_settlements_onscreen_name_settlement:emp_sicily_syracuse2130432061"	"Συρακούσες"	"True"
"start_pos_settlements_onscreen_name_settlement:pel_lydia_smyrna2130430022"	"Σμύρνη"	"True"
"start_pos_settlements_onscreen_name_settlement:emp_aquitania_gergovia2130428295"	"Γκεργκόβια"	"True"
"start_pos_settlements_onscreen_name_settlement:rom_italia_etruria:velathri2130425763"	"Βελάθριον"	"True"
"start_pos_settlements_onscreen_name_settlement:gaul_transalpina_vasio2130427434"	"Βάσιο"	"True"
"start_pos_settlements_onscreen_name_settlement:rom_arabia_felix_saba:marib2130425904"	"Μαρίμπ"	"True"
"start_pos_settlements_onscreen_name_settlement:pel_thessaly_pharsalos2130429914"	"Φάρσαλος"	"True"
"start_pos_settlements_onscreen_name_settlement:emp_lugii_grinev2130428788"	"Γρίνευο"	"True"
"start_pos_settlements_onscreen_name_settlement:rom_aria_margiana:merv2130425948"	"Μέρβ"	"True"
"start_pos_settlements_onscreen_name_settlement:emp_latium_arretium2130428743"	"Αρρέτιον"	"True"
"start_pos_settlements_onscreen_name_settlement:pun_gallaecia_portus_amanum2130427908"	"Αμάνιος Λιμήν"	"True"
"start_pos_settlements_onscreen_name_settlement:emp_palmyra_dura2130431892"	"Δούρα-Εύρωπος"	"True"
"start_pos_settlements_onscreen_name_settlement:gaul_gergovia_avaricon2130427230"	"Αβαρίκον"	"True"
"start_pos_settlements_onscreen_name_settlement:gaul_insubria_medhlan2130427278"	"Μεδιόλανα"	"True"
"start_pos_settlements_onscreen_name_settlement:pun_hispania_ulterior_ibossim2130427937"	"Ίμπιζα"	"True"
"start_pos_settlements_onscreen_name_settlement:emp_suebia_virunium2130429131"	"Βιρούνιο"	"True"
"start_pos_settlements_onscreen_name_settlement:emp_syria_tarsus2130429151"	"Ταρσός"	"True"
"start_pos_settlements_onscreen_name_settlement:pun_magna_graecia_thurii2130428095"	"Θούριοι"	"True"
"start_pos_settlements_onscreen_name_settlement:pel_thessaly_larisa2130429916"	"Λάρισα"	"True"
"start_pos_settlements_onscreen_name_settlement:pun_hispania_ulterior_saguntum2130427934"	"Σάγουντον"	"True"
"start_pos_settlements_onscreen_name_settlement:pun_tripolitana_thenteos2130428196"	"Θέντεος"	"True"
"start_pos_settlements_onscreen_name_settlement:emp_sicily_syracuse2130429121"	"Συρακούσες"	"True"
"start_pos_settlements_onscreen_name_settlement:emp_magna_germania_treva2130428828"	"Τρέβα"	"True"
"start_pos_settlements_onscreen_name_settlement:emp_pretanic_isles_stanwick2130429046"	"Στανβίκιο"	"True"
"start_pos_settlements_onscreen_name_settlement:rom_syria_eremos_syria:dura2130426654"	"Δούρα"	"True"
"start_pos_settlements_onscreen_name_settlement:rom_tarraconensis_cantabria:aracillum2130426685"	"Αρακίλλον"	"True"
"start_pos_settlements_onscreen_name_settlement:rom_britannia_brigantia:eborakon2130426049"	"Εβόρακον"	"True"
"start_pos_settlements_onscreen_name_settlement:emp_chorasmia_aktau2130428541"	"Ακτό"	"True"
"start_pos_settlements_onscreen_name_settlement:emp_lugii_grinev2130431745"	"Γρίνευο"	"True"
"start_pos_settlements_onscreen_name_settlement:emp_galatia_et_cappadocia_mazaca2130428603"	"Μάζακα"	"True"
"start_pos_settlements_onscreen_name_settlement:emp_syria_tarsus2130432087"	"Ταρσός"	"True"
"start_pos_settlements_onscreen_name_settlement:rom_galatia_et_cappadocia_galatia:ancyra2130426223"	"Άγκυρα"	"True"
"start_pos_settlements_onscreen_name_settlement:gaul_arduenna_silva_divoduron2130427163"	"Διβοδούρον"	"True"
"start_pos_settlements_onscreen_name_settlement:emp_libya_paraitonion2130431725"	"Παραιτόνιον"	"True"
"start_pos_settlements_onscreen_name_settlement:pun_hispania_citerior_emporiae2130427939"	"Εμπόριον"	"True"
"start_pos_settlements_onscreen_name_settlement:pun_aquitania_iruna2130427973"	"Ιρούνα"	"True"
"start_pos_settlements_onscreen_name_settlement:pel_euboia_karystos2130429720"	"Κάρυστος"	"True"
"start_pos_settlements_onscreen_name_settlement:emp_britannia_sleaford2130431423"	"Εβόρακον"	"True"
"start_pos_settlements_onscreen_name_settlement:emp_latium_arretium2130431690"	"Αρρέτιον"	"True"
"start_pos_settlements_onscreen_name_settlement:rom_hellas_attiki:athenai2130426241"	"Αθήνα"	"True"
"start_pos_settlements_onscreen_name_settlement:pro_campania_campania:capua2130427019"	"Καπύη"	"True"
"start_pos_settlements_onscreen_name_settlement:pel_euboia_oreos2130429729"	"Ιστιαία - Ωρεοί"	"True"
"start_pos_settlements_onscreen_name_settlement:rom_hellas_creta:hierapytna2130426243"	"Ιεράπυτνα"	"True"
"start_pos_settlements_onscreen_name_settlement:emp_lusitania_olisipo2130428800"	"Ολισσιπόνα"	"True"
"start_pos_settlements_onscreen_name_settlement:rom_chorasmia_korasmia:kath2130426147"	"Κάθ"	"True"
"start_pos_settlements_onscreen_name_settlement:emp_chorasmia_akhur2130431469"	"Αχούρ"	"True"
"start_pos_settlements_onscreen_name_settlement:emp_hercynia_istros2130431609"	"Ίστρος"	"True"
"start_pos_settlements_onscreen_name_settlement:rom_dacia_dacia_inferior:malva2130426201"	"Μάλβα"	"True"
"start_pos_settlements_onscreen_name_settlement:gaul_lutetia_crociatonum2130427317"	"Κροκιάτονον"	"True"
"start_pos_settlements_onscreen_name_settlement:pel_mysia_myrina2130429809"	"Μύρινα"	"True"
"start_pos_settlements_onscreen_name_settlement:emp_suebia_setidava2130429127"	"Σετιδαύα"	"True"
"start_pos_settlements_onscreen_name_settlement:pel_ambrakia_anaktorio2130430148"	"Ανακτόριο"	"True"
"start_pos_settlements_onscreen_name_settlement:emp_chorasmia_aktau2130431475"	"Ακτό"	"True"
"start_pos_settlements_onscreen_name_settlement:pun_latium_et_campania_roma2130428061"	"Ρώμη"	"True"
"start_pos_settlements_onscreen_name_settlement:emp_libya_augila2130431713"	"Αυγίλα"	"True"
"start_pos_settlements_onscreen_name_settlement:emp_aquitania_gergovia2130431217"	"Γκεργκόβια"	"True"
"start_pos_settlements_onscreen_name_settlement:emp_galatia_et_cappadocia_mazaca2130431536"	"Καισάρεια"	"True"
"start_pos_settlements_onscreen_name_settlement:emp_palmyra_dura2130428960"	"Δούρα"	"True"
"start_pos_settlements_onscreen_name_settlement:emp_pretanic_isles_stanwick2130431981"	"Στανβίκιο"	"True"
"start_pos_settlements_onscreen_name_settlement:rom_arabia_magna_lathrippa:yathrib2130425929"	"Γιαθρίμπ"	"True"
"start_pos_settlements_onscreen_name_settlement:pun_gallaecia_lugos2130427900"	"Λούγο"	"True"
"start_pos_settlements_onscreen_name_settlement:emp_illyricum_dyrrachium2130428702"	"Δυρράχιο"	"True"
"start_pos_settlements_onscreen_name_settlement:pel_boiotia_opos2130429903"	"Οπούς"	"True"
"start_pos_settlements_onscreen_name_settlement:emp_media_magna_gazaca2130428870"	"Γάζακα"	"True"
"start_pos_settlements_onscreen_name_settlement:rom_celtica_aremorica:namnetum2130426129"	"Ναμνέτειον"	"True"
"start_pos_settlements_onscreen_name_settlement:rom_macedonia_makedonia:pella2130426350"	"Πέλλα"	"True"
"start_pos_settlements_onscreen_name_settlement:emp_libya_paraitonion2130428764"	"Παραιτόνιον"	"True"
"start_pos_settlements_onscreen_name_settlement:rom_africa_syrtis:macomades2130425828"	"Μακομάδες"	"True"
"start_pos_settlements_onscreen_name_settlement:emp_cisalpina_patavium2130431489"	"Πατάβιουμ"	"True"
"start_pos_settlements_onscreen_name_settlement:emp_hercynia_istros2130428673"	"Ίστρος"	"True"
"start_pos_settlements_onscreen_name_settlement:emp_suebia_setidava2130432078"	"Σετιδαύα"	"True"
"start_pos_settlements_onscreen_name_settlement:gaul_silva_nigra_uburzis2130427419"	"Ουμπούρτζις"	"True"
"start_pos_settlements_onscreen_name_settlement:pro_campania_campania:capua2130426967"	"Καπύη"	"True"
"start_pos_settlements_onscreen_name_settlement:emp_lusitania_olisipo2130431758"	"Ολυσιπών"	"True"
"start_pos_settlements_onscreen_name_settlement:emp_illyricum_dyrrachium2130431636"	"Δυρράχιο"	"True"
"start_pos_settlements_onscreen_name_settlement:emp_chorasmia_akhur2130428537"	"Αχούρ"	"True"
"start_pos_settlements_onscreen_name_settlement:emp_libya_augila2130428752"	"Αυγίλα"	"True"
"start_pos_settlements_onscreen_name_settlement:pro_campania_campania:capua2130427071"	"Καπύη"	"True"
"start_pos_settlements_onscreen_name_settlement:rom_galatia_et_cappadocia_lycaonia:iconium2130426226"	"Ικόνιον"	"True"
"start_pos_settlements_onscreen_name_settlement:rom_magna_germania_frisia:flevum2130426360"	"Φληούμ"	"True"
"start_pos_settlements_onscreen_name_settlement:emp_aquitania_limonum2130431224"	"Λίμονον"	"True"
"start_pos_settlements_onscreen_name_settlement:emp_aethiopia_aksum2130431166"	"Αξούμ"	"True"
"start_pos_settlements_onscreen_name_settlement:gaul_arduenna_silva_treverorum2130427181"	"Τρεβερόρουμ"	"True"
"start_pos_settlements_onscreen_name_settlement:pel_aigian_samos2130430045"	"Σάμος"	"True"
"start_pos_settlements_onscreen_name_settlement:emp_armenia_arsamosata2130428355"	"Αρσαμόσατα"	"True"
"start_pos_settlements_onscreen_name_settlement:pro_magna_grecia_italia:croton2130427045"	"Κρότων"	"True"
"start_pos_settlements_onscreen_name_settlement:rom_aegyptos_ta_abt:myos_hormos2130425832"	"Μύος Ορμός"	"True"
"start_pos_settlements_onscreen_name_settlement:emp_tarraconensis_aracillum2130429160"	"Αρακίλλον"	"True"
"start_pos_settlements_onscreen_name_settlement:pel_ionia_knidos2130430056"	"Κνίδος"	"True"
"start_pos_settlements_onscreen_name_settlement:emp_cisalpina_genua2130431479"	"Γένουα"	"True"
"start_pos_settlements_onscreen_name_settlement:emp_raetia_et_noricum_koria2130431992"	"Κουρία"	"True"
"start_pos_settlements_onscreen_name_settlement:pun_africa_capsa2130428172"	"Γκάφσα"	"True"
"start_pos_settlements_onscreen_name_settlement:emp_bosporus_tanais2130431406"	"Τάναϊς"	"True"
"start_pos_settlements_onscreen_name_settlement:gaul_gergovia_nemossos2130427237"	"Νεμόσσος"	"True"
"start_pos_settlements_onscreen_name_settlement:emp_bactria_eucratides2130428406"	"Ευκρατίδεια"	"True"
"start_pos_settlements_onscreen_name_settlement:pro_magna_grecia_italia:croton2130426979"	"Κρότων"	"True"
"start_pos_settlements_onscreen_name_settlement:emp_sicily_panormus2130432059"	"Πάνορμος"	"True"
"start_pos_settlements_onscreen_name_settlement:emp_aegyptos_diospolis2130431154"	"Διόσπολις"	"True"
"start_pos_settlements_onscreen_name_settlement:emp_gallia_bibracte2130428618"	"Βιμπράκτη"	"True"
"start_pos_settlements_onscreen_name_settlement:emp_dacia_pelendava2130428567"	"Πελενδαύα"	"True"
"start_pos_settlements_onscreen_name_settlement:emp_cisalpina_genua2130428545"	"Γένουα"	"True"
"start_pos_settlements_onscreen_name_settlement:pun_gallaecia_asturica2130427895"	"Αστούρικα"	"True"
"start_pos_settlements_onscreen_name_settlement:pel_thessaly_pherae2130429915"	"Φερές"	"True"
"start_pos_settlements_onscreen_name_settlement:rom_dacia_dacia_superior:zarmizegetusa2130426204"	"Ζαρμιζεγκέτουσα"	"True"
"start_pos_settlements_onscreen_name_settlement:emp_armenia_arsamosata2130431273"	"Αρσαμόσατα"	"True"
"start_pos_settlements_onscreen_name_settlement:emp_narbonensis_tolosa2130428933"	"Τολώσα"	"True"
"start_pos_settlements_onscreen_name_settlement:rom_tarraconensis_callaecia:brigantium2130426678"	"Βριγάντιον"	"True"
"start_pos_settlements_onscreen_name_settlement:pun_lusitania_olisipo2130427911"	"Ολισσιπόνα"	"True"
"start_pos_settlements_onscreen_name_settlement:emp_aethiopia_aksum2130428257"	"Αξούμ"	"True"
"start_pos_settlements_onscreen_name_settlement:emp_galatia_et_cappadocia_ancyra2130431527"	"Άγκυρα"	"True"
"start_pos_settlements_onscreen_name_settlement:emp_dacia_petrodava2130428573"	"Πετροδάβα"	"True"
"start_pos_settlements_onscreen_name_settlement:emp_media_magna_ekbatana2130431794"	"Εκβάτανα"	"True"
"start_pos_settlements_onscreen_name_settlement:emp_mesopotamia_edessa2130428894"	"Έδεσσα"	"True"
"start_pos_settlements_onscreen_name_settlement:emp_phazania_garama2130431963"	"Γαραμάς"	"True"
"start_pos_settlements_onscreen_name_settlement:emp_bactria_eucratides2130431328"	"Ευκρατίδεια"	"True"
"start_pos_settlements_onscreen_name_settlement:rom_mesopotamia_osroene:edessa2130426449"	"Έδεσσα"	"True"
"start_pos_settlements_onscreen_name_settlement:emp_aegyptos_diospolis2130428234"	"Διόσπολις"	"True"
"start_pos_settlements_onscreen_name_settlement:pel_aigian_mytilene2130430004"	"Μυτιλήνη"	"True"
"start_pos_settlements_onscreen_name_settlement:emp_dacia_pelendava2130431507"	"Ντρομπέτα"	"True"
"start_pos_settlements_onscreen_name_settlement:emp_parthia_nisa2130431922"	"Νίσα"	"True"
"start_pos_settlements_onscreen_name_settlement:emp_dacia_petrodava2130431514"	"Πετροδάβα"	"True"
"start_pos_settlements_onscreen_name_settlement:emp_syria_thapsacus2130432094"	"Θάψακος"	"True"
"start_pos_settlements_onscreen_name_settlement:rom_chorasmia_transcaspia:amul2130426152"	"Αμούλ"	"True"
"start_pos_settlements_onscreen_name_settlement:rom_cisalpina_liguria:genua2130425732"	"Γένουα"	"True"
"start_pos_settlements_onscreen_name_settlement:rom_britannia_dumnonia:iska2130426064"	"Ίσκα"	"True"
"start_pos_settlements_onscreen_name_settlement:emp_parthia_hekatompylos2130428982"	"Εκατόμπυλος"	"True"
"start_pos_settlements_onscreen_name_settlement:rom_ponto_caspia_oium:olbia2130426540"	"Όλμπια"	"True"
"start_pos_settlements_onscreen_name_settlement:rom_bosporus_maeotia:tanais2130426039"	"Τάναϊς"	"True"
"start_pos_settlements_onscreen_name_settlement:emp_sicily_panormus2130429119"	"Πάνορμος"	"True"
"start_pos_settlements_onscreen_name_settlement:gaul_arduenna_silva_noviodunon2130427174"	"Νοβιοδούνιον"	"True"
"start_pos_settlements_onscreen_name_settlement:emp_africa_carthago2130431180"	"Καρχηδόνα"	"True"
"start_pos_settlements_onscreen_name_settlement:emp_mesopotamia_charax2130428883"	"Χάραξ"	"True"
"start_pos_settlements_onscreen_name_settlement:pun_mauretania_volubilis2130428142"	"Βολούμπιλις"	"True"
"start_pos_settlements_onscreen_name_settlement:emp_armenia_tigranocerta2130431298"	"Τιγρανοκέρτα"	"True"
"start_pos_settlements_onscreen_name_settlement:emp_phazania_garama2130429034"	"Γαραμάς"	"True"
"start_pos_settlements_onscreen_name_settlement:gaul_pictavis_ambatia2130427367"	"Αμβάτια"	"True"
"start_pos_settlements_onscreen_name_settlement:emp_lusitania_ebora2130428799"	"Έβορα"	"True"
"start_pos_settlements_onscreen_name_settlement:pun_mauretania_siga2130428147"	"Σίγα"	"True"
"start_pos_settlements_onscreen_name_settlement:emp_mauretania_siga2130428845"	"Σίγα"	"True"
"start_pos_settlements_onscreen_name_settlement:emp_gallia_bibracte2130431546"	"Βιμπράκτη"	"True"
"start_pos_settlements_onscreen_name_settlement:pel_attike_paros2130429697"	"Πάρος"	"True"
"start_pos_settlements_onscreen_name_settlement:pel_attike_naxos2130429699"	"Νάξος"	"True"
"start_pos_settlements_onscreen_name_settlement:pun_tripolitana_turris_tamalleni2130428187"	"Ταμαλλένια Τούρις"	"True"
"start_pos_settlements_onscreen_name_settlement:rom_celtica_lugdunensis:bibracte2130426130"	"Βιμπράκτη"	"True"
"start_pos_settlements_onscreen_name_settlement:emp_narbonensis_tolosa2130431863"	"Τολώσα"	"True"
"start_pos_settlements_onscreen_name_settlement:rom_asia_rhodes:rhodos2130427013"	"Ρόδος"	"True"
"start_pos_settlements_onscreen_name_settlement:gaul_pictavis_lemonum2130427370"	"Λεμόνιον"	"True"
"start_pos_settlements_onscreen_name_settlement:pun_africa_carthago2130428169"	"Καρχηδόνα"	"True"
"start_pos_settlements_onscreen_name_settlement:emp_galatia_et_cappadocia_ancyra2130428591"	"Άγκυρα"	"True"
"start_pos_settlements_onscreen_name_settlement:emp_africa_carthago2130428266"	"Καρχηδόνα"	"True"
"start_pos_settlements_onscreen_name_settlement:emp_armenia_tigranocerta2130428373"	"Τιγρανοκέρτα"	"True"
"start_pos_settlements_onscreen_name_settlement:emp_mesopotamia_edessa2130431824"	"Έδεσσα"	"True"
"start_pos_settlements_onscreen_name_settlement:emp_caucasia_gabata2130431448"	"Γαβάτα"	"True"
"start_pos_settlements_onscreen_name_settlement:emp_aethiopia_ptolemais_theron2130428261"	"Πτολεμαΐς Θηρών"	"True"
"start_pos_settlements_onscreen_name_settlement:emp_magna_germania_tulifurdum2130431776"	"Τουλίφουρδον"	"True"
"start_pos_settlements_onscreen_name_settlement:rom_cisalpina_venetia:patavium2130425739"	"Πατάβιουμ"	"True"
"start_pos_settlements_onscreen_name_settlement:emp_syria_thapsacus2130429152"	"Θάψακος"	"True"
"start_pos_settlements_onscreen_name_settlement:pun_numidia_hippo_regius2130428167"	"Ίππων Βασιλικός"	"True"
"start_pos_settlements_onscreen_name_settlement:pun_hispania_ulterior_ilici2130427930"	"Ιλίκιον"	"True"
"start_pos_settlements_onscreen_name_settlement:emp_bosporus_tanais2130428480"	"Τάναϊς"	"True"
"start_pos_settlements_onscreen_name_settlement:emp_aethiopia_ptolemais_theron2130431175"	"Πτολεμαΐς Θηρών"	"True"
"start_pos_settlements_onscreen_name_settlement:emp_caucasia_phasis2130431461"	"Φάσις"	"True"
"start_pos_settlements_onscreen_name_settlement:emp_belgica_treverorum2130431378"	"Τρεβερόρουμ"	"True"
"start_pos_settlements_onscreen_name_settlement:emp_judea_jerusalem2130431679"	"Αιλία Καπιτωλιάς"	"True"
"start_pos_settlements_onscreen_name_settlement:emp_media_magna_phraaspa2130431803"	"Φραάσπα"	"True"
"start_pos_settlements_onscreen_name_settlement:emp_italia_cosentia2130431671"	"Κωνσεντία"	"True"
"start_pos_settlements_onscreen_name_settlement:pel_kalkidike_mende2130429739"	"Μένδη"	"True"
"start_pos_settlements_onscreen_name_settlement:emp_libya_cyrene2130428754"	"Κυρήνη"	"True"
"start_pos_settlements_onscreen_name_settlement:pun_hispania_ulterior_carthago_nova2130427927"	"Νέα Καρθαγένη"	"True"
"start_pos_settlements_onscreen_name_settlement:rom_armenia_sophene:arsamosata2130425961"	"Αρσαμόσατα"	"True"
"start_pos_settlements_onscreen_name_settlement:rom_dacia_bastarnia:petrodava2130426195"	"Πετροδάβα"	"True"
"start_pos_settlements_onscreen_name_settlement:emp_aquitania_limonum2130428298"	"Λίμονον"	"True"
"start_pos_settlements_onscreen_name_settlement:pel_karia_kibyra2130430066"	"Κιβύρα"	"True"
"start_pos_settlements_onscreen_name_settlement:emp_mauretania_siga2130431785"	"Σίγα"	"True"
"start_pos_settlements_onscreen_name_settlement:rom_lusitania_celtica:ebora2130426333"	"Έβορα"	"True"
"start_pos_settlements_onscreen_name_settlement:rom_parthia_parthia:hecatompylos2130426499"	"Εκατόμπυλος"	"True"
"start_pos_settlements_onscreen_name_settlement:gaul_insubria_vercelum2130427287"	"Βερκέλλειον"	"True"
"start_pos_settlements_onscreen_name_settlement:pel_makedon_dion2130429939"	"Δίον"	"True"
"start_pos_settlements_onscreen_name_settlement:emp_gedrosia_phrada2130431564"	"Φράδα"	"True"
"start_pos_settlements_onscreen_name_settlement:rom_media_magna_rhagau:rhages2130426432"	"Ράγκα"	"True"
"start_pos_settlements_onscreen_name_settlement:rom_media_magna_media:ekbatana2130426429"	"Εκβάτανα"	"True"
"start_pos_settlements_onscreen_name_settlement:pro_magna_grecia_italia:croton2130427098"	"Κρότων"	"True"
"start_pos_settlements_onscreen_name_settlement:emp_magna_germania_tulifurdum2130428829"	"Τουλίφουρδον"	"True"
"start_pos_settlements_onscreen_name_settlement:pel_kalkidike_olinthos2130429973"	"Όλυνθος"	"True"
"start_pos_settlements_onscreen_name_settlement:rom_syria_phonecia:tyros2130426664"	"Τύρος"	"True"
"start_pos_settlements_onscreen_name_settlement:emp_media_magna_ekbatana2130428862"	"Εκβάτανα"	"True"
"start_pos_settlements_onscreen_name_settlement:emp_parthia_hekatompylos2130431919"	"Εκατόμπυλος"	"True"
"start_pos_settlements_onscreen_name_settlement:emp_caucasia_phasis2130428530"	"Φάσις"	"True"
"start_pos_settlements_onscreen_name_settlement:gaul_aquitania_aquae_tarbellicae2130427143"	"Άκουα Ταρβέλλικο"	"True"
"start_pos_settlements_onscreen_name_settlement:pel_dodekanisa_karpathos2130430100"	"Κάρπαθος"	"True"
"start_pos_settlements_onscreen_name_settlement:rom_mauretania_numidia:iol2130426410"	"Ιώλ"	"True"
"start_pos_settlements_onscreen_name_settlement:emp_media_magna_phraaspa2130428875"	"Φραάσπα"	"True"
"start_pos_settlements_onscreen_name_settlement:emp_aethiopia_meroe2130428259"	"Μερόη"	"True"
"start_pos_settlements_onscreen_name_settlement:emp_raetia_et_noricum_koria2130429059"	"Κουρία"	"True"
"start_pos_settlements_onscreen_name_settlement:emp_libya_cyrene2130431721"	"Κυρήνη"	"True"
"start_pos_settlements_onscreen_name_settlement:emp_caucasia_gabata2130428513"	"Γαβάτα"	"True"
"start_pos_settlements_onscreen_name_settlement:emp_belgica_treverorum2130428434"	"Τρεβερόρουμ"	"True"
"start_pos_settlements_onscreen_name_settlement:rom_ponto_caspia_zyx:siracena2130426546"	"Σιρακένα"	"True"
"start_pos_settlements_onscreen_name_settlement:emp_aethiopia_meroe2130431167"	"Μερόη"	"True"
"start_pos_settlements_onscreen_name_settlement:emp_tarraconensis_aracillum2130432096"	"Αρακίλλον"	"True"
"start_pos_settlements_onscreen_name_settlement:emp_gedrosia_phrada2130428638"	"Φράδα"	"True"
"start_pos_settlements_onscreen_name_settlement:emp_parthia_nisa2130428987"	"Νίσα"	"True"
"start_pos_settlements_onscreen_name_settlement:rom_libue_oases:augila2130426323"	"Αυγίλα"	"True"
"start_pos_settlements_onscreen_name_settlement:rom_hercynia_luna_silva:biatec2130426261"	"Ίστρος"	"True"
"start_pos_settlements_onscreen_name_settlement:emp_italia_cosentia2130428725"	"Κωνσεντία"	"True"
"start_pos_settlements_onscreen_name_settlement:emp_judea_jerusalem2130428726"	"Ιερουσαλήμ"	"True"
"start_pos_settlements_onscreen_name_settlement:pun_lusitania_ebora2130427915"	"Έβορα"	"True"
"start_pos_settlements_onscreen_name_settlement:rom_magna_graecia_bruttium:cosentia2130425806"	"Κωνσεντία"	"True"
"start_pos_settlements_onscreen_name_settlement:emp_mesopotamia_charax2130431813"	"Ασταραμπάντ-Αρδασίρ"	"True"
"start_pos_settlements_onscreen_name_settlement:pel_aigian_khios2130430028"	"Χίος"	"True"
"start_pos_settlements_onscreen_name_settlement:gaul_lutetia_suindinum2130427332"	"Σουινδίνιον"	"True"
"start_pos_settlements_onscreen_name_settlement:pun_magna_graecia_croton2130428094"	"Κρότων"	"True"
"start_pos_settlements_onscreen_name_settlement:pel_aigian_oinoi2130430036"	"Οινόη"	"True"
"start_pos_settlements_onscreen_name_settlement:emp_illyricum_narona2130431643"	"Ναρώνα"	"True"
"start_pos_settlements_onscreen_name_settlement:rom_bactria_baktria:baktra2130425978"	"Βάκτρα"	"True"
"start_pos_settlements_onscreen_name_settlement:gaul_silva_carbonaria_nemetocenna2130427402"	"Νεμετοτσέννα"	"True"
"start_pos_settlements_onscreen_name_settlement:pel_boiotia_thebai2130429896"	"Θήβα"	"True"
"start_pos_settlements_onscreen_name_settlement:emp_armenia_carana2130428366"	"Καράνα"	"True"
"start_pos_settlements_onscreen_name_settlement:emp_raetia_et_noricum_octoduris2130432000"	"Οκτωδούρων"	"True"
"start_pos_settlements_onscreen_name_settlement:pro_magna_grecia_calabria:tarentum2130426971"	"Τάραντας"	"True"
"start_pos_settlements_onscreen_name_settlement:rom_aithiops_ityopya:aksum2130425873"	"Αξούμ"	"True"
"start_pos_settlements_onscreen_name_settlement:emp_lugii_carrodunum2130431736"	"Καρρόδουνον"	"True"
"start_pos_settlements_onscreen_name_settlement:pel_thraike_maroneia2130429798"	"Μαρώνεια"	"True"
"start_pos_settlements_onscreen_name_settlement:emp_arabia_magna_gerrha2130428320"	"Γέρρα"	"True"
"start_pos_settlements_onscreen_name_settlement:pro_magna_grecia_calabria:tarentum2130427044"	"Τάραντας"	"True"
"start_pos_settlements_onscreen_name_settlement:emp_latium_roma2130428750"	"Ρώμη"	"True"
"start_pos_settlements_onscreen_name_settlement:pel_krete_gortyna2130430112"	"Γόρτυνα"	"True"
"start_pos_settlements_onscreen_name_settlement:pun_tripolitana_leptis_magna2130428181"	"Μεγάλη Λέπτις"	"True"
"start_pos_settlements_onscreen_name_settlement:emp_judea_tyros2130428737"	"Τύρος"	"True"
"start_pos_settlements_onscreen_name_settlement:emp_syria_samosata2130432085"	"Σαμόσατα"	"True"
"start_pos_settlements_onscreen_name_settlement:pel_ionia_halikarnassos2130430050"	"Αλικαρνασσός"	"True"
"start_pos_settlements_onscreen_name_settlement:pun_celtiberia_libisosa2130427961"	"Λιβισώσα"	"True"
"start_pos_settlements_onscreen_name_settlement:emp_gedrosia_oraea2130431555"	"Ορεία"	"True"
"start_pos_settlements_onscreen_name_settlement:emp_galatia_et_cappadocia_iconium2130431532"	"Ικόνιον"	"True"
"start_pos_settlements_onscreen_name_settlement:emp_raetia_et_noricum_noreia2130429063"	"Νορεία"	"True"
"start_pos_settlements_onscreen_name_settlement:emp_arabia_magna_gerrha2130431243"	"Γέρρα"	"True"
"start_pos_settlements_onscreen_name_settlement:pel_kalkidike_torone2130429743"	"Τορώνη"	"True"
"start_pos_settlements_onscreen_name_settlement:emp_illyricum_narona2130428707"	"Ναρώνα"	"True"
"start_pos_settlements_onscreen_name_settlement:pel_krete_knossos2130430109"	"Κνωσσός"	"True"
"start_pos_settlements_onscreen_name_settlement:emp_scythia_samandar2130432031"	"Σαμαντάρ"	"True"
"start_pos_settlements_onscreen_name_settlement:rom_silesia_silesia:budorgis2130426622"	"Μπουντόργκις"	"True"
"start_pos_settlements_onscreen_name_settlement:emp_gedrosia_oraea2130428637"	"Ορεία"	"True"
"start_pos_settlements_onscreen_name_settlement:emp_latium_ariminium2130428739"	"Αρίμινο"	"True"
"start_pos_settlements_onscreen_name_settlement:pel_mysia_pergamon2130430011"	"Πέργαμος"	"True"
"start_pos_settlements_onscreen_name_settlement:rom_cartaginensis_edetania:arse2130426120"	"Άρση"	"True"
"start_pos_settlements_onscreen_name_settlement:emp_hispania_nova_carthago2130431616"	"Νέα Καρχηδόνα"	"True"
"start_pos_settlements_onscreen_name_settlement:emp_armenia_artaxa2130428360"	"Αρτάξα"	"True"
"start_pos_settlements_onscreen_name_settlement:emp_raetia_et_noricum_octoduris2130429068"	"Οκτωδούρων"	"True"
"start_pos_settlements_onscreen_name_settlement:pun_gallia_transalpina_lugdunum2130428004"	"Λούγδουβον"	"True"
"start_pos_settlements_onscreen_name_settlement:emp_latium_roma2130431700"	"Ρώμη"	"True"
"start_pos_settlements_onscreen_name_settlement:rom_thracia_byzantion:antheia2130426693"	"Άνθεια"	"True"
"start_pos_settlements_onscreen_name_settlement:emp_judea_tyros2130431687"	"Τύρος"	"True"
"start_pos_settlements_onscreen_name_settlement:rom_suebia_bomeranorum:biskupin2130426630"	"Ασκαυκαλίς"	"True"
"start_pos_settlements_onscreen_name_settlement:pun_magna_graecia_buxentum2130428100"	"Πυξούντα"	"True"
"start_pos_settlements_onscreen_name_settlement:emp_aria_artacoana2130431259"	"Αρτακόανα"	"True"
"start_pos_settlements_onscreen_name_settlement:emp_bactria_kapisene2130428412"	"Καπισηνή"	"True"
"start_pos_settlements_onscreen_name_settlement:emp_nabataea_charmuthas2130428907"	"Τσαρμουθάς"	"True"
"start_pos_settlements_onscreen_name_settlement:pel_boiotia_delphi2130429887"	"Δελφοί"	"True"
"start_pos_settlements_onscreen_name_settlement:emp_armenia_artaxa2130431283"	"Αρτάξα"	"True"
"start_pos_settlements_onscreen_name_settlement:emp_sarmatia_olbia2130429075"	"Όλμπια"	"True"
"start_pos_settlements_onscreen_name_settlement:emp_aria_artacoana2130428340"	"Aρτακόανα"	"True"
"start_pos_settlements_onscreen_name_settlement:emp_macedonia_apollonia2130431763"	"Απολλωνία"	"True"
"start_pos_settlements_onscreen_name_settlement:pel_karia_kolossai2130430063"	"Κολοσσαί"	"True"
"start_pos_settlements_onscreen_name_settlement:emp_galatia_et_cappadocia_iconium2130428597"	"Ικόνιον"	"True"
"start_pos_settlements_onscreen_name_settlement:pel_lakedaimon_pylos2130429816"	"Πύλος"	"True"
"start_pos_settlements_onscreen_name_settlement:rom_aria_aria:artacoana2130425936"	"Aρτακόανα"	"True"
"start_pos_settlements_onscreen_name_settlement:emp_africa_macomades2130428281"	"Μακομάδες"	"True"
"start_pos_settlements_onscreen_name_settlement:pel_makedon_arnisa2130429947"	"Άρνισσα"	"True"
"start_pos_settlements_onscreen_name_settlement:pel_karia_phaselis2130430080"	"Φασηλίς"	"True"
"start_pos_settlements_onscreen_name_settlement:emp_lugii_carrodunum2130428783"	"Καρρόδουνον"	"True"
"start_pos_settlements_onscreen_name_settlement:rom_magna_germania_silva_nigra:ubursis2130426371"	"Ουμπούρτζις"	"True"
"start_pos_settlements_onscreen_name_settlement:emp_bactria_kapisene2130431333"	"Καπισηνή"	"True"
"start_pos_settlements_onscreen_name_settlement:pro_samnium_pentria:bovianum2130427058"	"Μποβιάνο"	"True"
"start_pos_settlements_onscreen_name_settlement:emp_nabataea_charmuthas2130431827"	"Τσαρμουθάς"	"True"
"start_pos_settlements_onscreen_name_settlement:emp_africa_macomades2130431198"	"Σύρτις"	"True"
"start_pos_settlements_onscreen_name_settlement:emp_raetia_et_noricum_noreia2130431994"	"Νορεία"	"True"
"start_pos_settlements_onscreen_name_settlement:emp_scythia_siracena2130429105"	"Σιρακένα"	"True"
"start_pos_settlements_onscreen_name_settlement:rom_mesopotamia_babylonia:seleucia2130426442"	"Σελεύκεια"	"True"
"start_pos_settlements_onscreen_name_settlement:rom_media_magna_atropatene:gazaca2130426425"	"Γάζακα"	"True"
"start_pos_settlements_onscreen_name_settlement:pun_gallia_transalpina_nemausus2130427995"	"Νέμαυσος"	"True"
"start_pos_settlements_onscreen_name_settlement:rom_provincia_transalpina:massalia2130426561"	"Μασσαλία"	"True"
"start_pos_settlements_onscreen_name_settlement:rom_galatia_et_cappadocia_commagene:samosata2130426214"	"Σαμόσατα"	"True"
"start_pos_settlements_onscreen_name_settlement:pel_ionia_ephesos2130430032"	"Έφεσος"	"True"
"start_pos_settlements_onscreen_name_settlement:pel_ionia_miletos2130430035"	"Μίλητος"	"True"
"start_pos_settlements_onscreen_name_settlement:rom_raetia_et_noricum_noricum:noreia2130426566"	"Νορεία"	"True"
"start_pos_settlements_onscreen_name_settlement:emp_latium_ariminium2130431688"	"Αρίμινο"	"True"
"start_pos_settlements_onscreen_name_settlement:rom_gedrosia_gedrosia:pura2130426228"	"Πούρα"	"True"
"start_pos_settlements_onscreen_name_settlement:rom_libue_siwa:ammonium2130426328"	"Αμμώνιον"	"True"
"start_pos_settlements_onscreen_name_settlement:rom_pannonia_pannonia_inferior:singidun2130426477"	"Σίνγκιντουμ"	"True"
"start_pos_settlements_onscreen_name_settlement:pro_samnium_pentria:bovianum2130427001"	"Μποβιάνο"	"True"
"start_pos_settlements_onscreen_name_settlement:emp_scythia_siracena2130432051"	"Σιρακένα"	"True"
"start_pos_settlements_onscreen_name_settlement:emp_armenia_carana2130431291"	"Καράνα"	"True"
"start_pos_settlements_onscreen_name_settlement:emp_scythia_samandar2130429094"	"Σαμαντάρ"	"True"
"start_pos_settlements_onscreen_name_settlement:pel_dodekanisa_rodos2130430090"	"Ρόδος"	"True"
"start_pos_settlements_onscreen_name_settlement:pro_samnium_pentria:bovianum2130427117"	"Μποβιάνο"	"True"
"start_pos_settlements_onscreen_name_settlement:gaul_narbonensis_segodunum2130427354"	"Σεγοδούνιον"	"True"
"start_pos_settlements_onscreen_name_settlement:emp_hispania_nova_carthago2130428686"	"Νέα Καρχηδόνα"	"True"
"start_pos_settlements_onscreen_name_settlement:emp_sarmatia_olbia2130432018"	"Όλμπια"	"True"
"start_pos_settlements_onscreen_name_settlement:pro_magna_grecia_calabria:tarentum2130427095"	"Τάραντας"	"True"
"start_pos_settlements_onscreen_name_settlement:emp_syria_samosata2130429142"	"Σαμόσατα"	"True"
"start_pos_settlements_onscreen_name_settlement:pel_hellespontos_perinthos2130429984"	"Πέρινθος"	"True"
"start_pos_settlements_onscreen_name_settlement:emp_macedonia_apollonia2130428807"	"Απολλωνία"	"True"
"start_pos_settlements_onscreen_name_settlement:gaul_liguria_genua2130427295"	"Γένουα"	"True"
"start_pos_settlements_onscreen_name_settlement:pun_umbria_et_picenum_spoletium2130428037"	"Σπολέτιον"	"True"
"start_pos_settlements_onscreen_name_settlement:rom_persis_elam:susa2130426503"	"Σούσα"	"True"
"start_pos_settlements_onscreen_name_settlement:emp_bosporus_phanagoria2130431403"	"Φαναγόρεια"	"True"
"start_pos_settlements_onscreen_name_settlement:rom_sarmatia_galicia:galic2130426577"	"Γαλικία"	"True"
"start_pos_settlements_onscreen_name_settlement:emp_corsica_et_sardinia_caralis2130428558"	"Κάραλις"	"True"
"start_pos_settlements_onscreen_name_settlement:emp_libya_ammonium2130428751"	"Αμμώνιον"	"True"
"start_pos_settlements_onscreen_name_settlement:emp_britannia_camulodunum2130431408"	"Καμουλόδουνον"	"True"
"start_pos_settlements_onscreen_name_settlement:emp_judea_salamis2130431683"	"Σαλαμίνα"	"True"
"start_pos_settlements_onscreen_name_settlement:emp_asia_rhodos2130428400"	"Ρόδος"	"True"
"start_pos_settlements_onscreen_name_settlement:emp_aegyptos_alexandria2130431150"	"Αλεξάνδρεια"	"True"
"start_pos_settlements_onscreen_name_settlement:emp_britannia_mordiunon2130428493"	"Μορδίουνον"	"True"
"start_pos_settlements_onscreen_name_settlement:emp_lugii_arsenium2130431730"	"Αρσένιον"	"True"
"start_pos_settlements_onscreen_name_settlement:emp_dacia_zarmizegetusa2130428581"	"Ζαρμιζεγκέτουσα"	"True"
"start_pos_settlements_onscreen_name_settlement:pel_amphipolis_krinides2130429782"	"Κρηνίδες"	"True"
"start_pos_settlements_onscreen_name_settlement:rom_britannia_demetia:moridunon2130426057"	"Moridunon"	"True"
"start_pos_settlements_onscreen_name_settlement:rom_nabataea_havilah:charmuthas2130426450"	"Τσαρμουθάς"	"True"
"start_pos_settlements_onscreen_name_settlement:emp_asia_rhodos2130431318"	"Ρόδος"	"True"
"start_pos_settlements_onscreen_name_settlement:gaul_maxima_sequanorum_vesontio2130427345"	"Βεσόντιος"	"True"
"start_pos_settlements_onscreen_name_settlement:pel_hellespontos_byzantion2130429988"	"Βυζάντιον"	"True"
"start_pos_settlements_onscreen_name_settlement:emp_lugii_oblin2130431747"	"Οβλίνιο"	"True"
"start_pos_settlements_onscreen_name_settlement:rom_magna_graecia_sirako:syracusae2130425800"	"Συρακούσες"	"True"
"start_pos_settlements_onscreen_name_settlement:rom_cilicia_cilicia:tarsus2130426154"	"Ταρσός"	"True"
"start_pos_settlements_onscreen_name_settlement:emp_tarraconensis_tarraco2130432107"	"Ταρράκων"	"True"
"start_pos_settlements_onscreen_name_settlement:rom_mauretania_tingitana:tingis2130426417"	"Τιγγίς"	"True"
"start_pos_settlements_onscreen_name_settlement:pun_etruria_arretium2130428031"	"Αρρέτιον"	"True"
"start_pos_settlements_onscreen_name_settlement:emp_corsica_et_sardinia_caralis2130431503"	"Κάραλις"	"True"
"start_pos_settlements_onscreen_name_settlement:rom_macedonia_epeiros:apollonia2130426349"	"Απολλωνία"	"True"
"start_pos_settlements_onscreen_name_settlement:emp_libya_ammonium2130431703"	"Αμμώνιον"	"True"
"start_pos_settlements_onscreen_name_settlement:emp_aegyptos_alexandria2130428229"	"Αλεξάνδρεια"	"True"
"start_pos_settlements_onscreen_name_settlement:pun_umbria_et_picenum_ancona2130428054"	"Ανκόνα"	"True"
"start_pos_settlements_onscreen_name_settlement:rom_suebia_lusatia:lupfurdum2130426639"	"Λούπφουρδον"	"True"
"start_pos_settlements_onscreen_name_settlement:pel_epeiros_dodona2130429922"	"Δωδώνη"	"True"
"start_pos_settlements_onscreen_name_settlement:pun_umbria_et_picenum_corfinium2130428034"	"Κορφίνιον"	"True"
"start_pos_settlements_onscreen_name_settlement:emp_tarraconensis_tarraco2130429169"	"Ταρράκων"	"True"
"start_pos_settlements_onscreen_name_settlement:emp_syria_antioch2130432080"	"Αντιόχεια"	"True"
"start_pos_settlements_onscreen_name_settlement:rom_mesopotamia_athura:hatra2130426436"	"Χάτρα"	"True"
"start_pos_settlements_onscreen_name_settlement:rom_aithiops_kush:meroe2130425878"	"Μερόη"	"True"
"start_pos_settlements_onscreen_name_settlement:emp_bosporus_phanagoria2130428475"	"Φαναγόρεια"	"True"
"start_pos_settlements_onscreen_name_settlement:emp_britannia_iska2130431415"	"Ίσκα"	"True"
"start_pos_settlements_onscreen_name_settlement:emp_africa_leptis_magna2130428272"	"Μεγάλη Λέπτις"	"True"
"start_pos_settlements_onscreen_name_settlement:pun_corsica_et_sardinia_karalis2130428121"	"Κάραλις"	"True"
"start_pos_settlements_onscreen_name_settlement:rom_aegyptos_ta_ament:memphis2130425842"	"Μέμφις"	"True"
"start_pos_settlements_onscreen_name_settlement:emp_lugii_arsenium2130428774"	"Αρσένιον"	"True"
"start_pos_settlements_onscreen_name_settlement:pro_magna_grecia_lucania:buxentum2130426985"	"Πυξούντα"	"True"
"start_pos_settlements_onscreen_name_settlement:emp_cisalpina_mediolanium2130428552"	"Μεδιολάνο"	"True"
"start_pos_settlements_onscreen_name_settlement:gaul_maxima_sequanorum_rauricon2130427335"	"Ραουρίκιον"	"True"
"start_pos_settlements_onscreen_name_settlement:pun_magna_graecia_tarentum2130428090"	"Τάραντας"	"True"
"start_pos_settlements_onscreen_name_settlement:pel_karia_xanthos2130430074"	"Ξάνθος"	"True"
"start_pos_settlements_onscreen_name_settlement:pel_argolis_mantinea2130429847"	"Μαντίνεια"	"True"
"start_pos_settlements_onscreen_name_settlement:rom_asia_mysia:pergamon2130425970"	"Πέργαμος"	"True"
"start_pos_settlements_onscreen_name_settlement:rom_arabia_magna_kedar:adummatu2130425924"	"Αντούματου"	"True"
"start_pos_settlements_onscreen_name_settlement:emp_nabataea_hegra2130431837"	"Χέγκρα"	"True"
"start_pos_settlements_onscreen_name_settlement:emp_africa_leptis_magna2130431195"	"Μεγάλη Λέπτις"	"True"
"start_pos_settlements_onscreen_name_settlement:emp_tarraconensis_brigantium2130429163"	"Βριγάντιον"	"True"
"start_pos_settlements_onscreen_name_settlement:emp_macedonia_pharsalus2130428810"	"Φάρσαλος"	"True"
"start_pos_settlements_onscreen_name_settlement:emp_dacia_zarmizegetusa2130431520"	"Ζαρμιζεγκέτουσα"	"True"
"start_pos_settlements_onscreen_name_settlement:emp_nabataea_petra2130431838"	"Πέτρα"	"True"
"start_pos_settlements_onscreen_name_settlement:rom_libue_cyrenaica:cyrene2130426306"	"Κυρήνη"	"True"
"start_pos_settlements_onscreen_name_settlement:pel_makedon_argos_orestiko2130429956"	"Άργος Ορεστικό"	"True"
"start_pos_settlements_onscreen_name_settlement:pel_mysia_ilion2130430001"	"Ίλιον"	"True"
"start_pos_settlements_onscreen_name_settlement:emp_persis_susa2130431954"	"Σούσα"	"True"
"start_pos_settlements_onscreen_name_settlement:emp_nabataea_petra2130428922"	"Πέτρα"	"True"
"start_pos_settlements_onscreen_name_settlement:emp_britannia_camulodunum2130428488"	"Καμουλόδουνον"	"True"
"start_pos_settlements_onscreen_name_settlement:pel_lydia_sardeis2130430015"	"Σάρδεις"	"True"
"start_pos_settlements_onscreen_name_settlement:pel_krete_kydonia2130430117"	"Κυδωνία"	"True"
"start_pos_settlements_onscreen_name_settlement:pel_thraike_thasos2130429795"	"Θάσος"	"True"
"start_pos_settlements_onscreen_name_settlement:pun_numidia_sitifi2130428153"	"Σιτίφη"	"True"
"start_pos_settlements_onscreen_name_settlement:pun_samnium_sipontum2130428080"	"Σιπόντιον"	"True"
"start_pos_settlements_onscreen_name_settlement:pun_sicilia_syracuse2130428105"	"Συρακούσες"	"True"
"start_pos_settlements_onscreen_name_settlement:emp_nabataea_hegra2130428914"	"Χέγκρα"	"True"
"start_pos_settlements_onscreen_name_settlement:emp_britannia_mordiunon2130431417"	"Μορδίουνον"	"True"
"start_pos_settlements_onscreen_name_settlement:rom_arachosia_arachosia:alexandria_arachosia2130425931"	"Αλεξάνδρεια Αραχωσίας"	"True"
"start_pos_settlements_onscreen_name_settlement:pro_magna_grecia_lucania:buxentum2130427049"	"Πυξούντα"	"True"
"start_pos_settlements_onscreen_name_settlement:rom_bosporus_sindica:phanagoria2130426043"	"Φαναγόρεια"	"True"
"start_pos_settlements_onscreen_name_settlement:emp_judea_salamis2130428731"	"Σαλαμίνα"	"True"
"start_pos_settlements_onscreen_name_settlement:emp_gallia_iuliobana2130428629"	"Ιουλιόβανα"	"True"
"start_pos_settlements_onscreen_name_settlement:pun_latium_et_campania_capua2130428064"	"Καπύη"	"True"
"start_pos_settlements_onscreen_name_settlement:emp_macedonia_thessalonica2130431767"	"Θεσσαλονίκη"	"True"
"start_pos_settlements_onscreen_name_settlement:rom_aquitania_gergovia:nemossos2130425892"	"Νεμόσσος"	"True"
"start_pos_settlements_onscreen_name_settlement:emp_illyricum_salona2130428714"	"Σαλώνα"	"True"
"start_pos_settlements_onscreen_name_settlement:emp_cisalpina_mediolanium2130431480"	"Μεδιολάνο"	"True"
"start_pos_settlements_onscreen_name_settlement:emp_gallia_iuliobana2130431554"	"Ιουλιόβανα"	"True"
"start_pos_settlements_onscreen_name_settlement:emp_macedonia_thessalonica2130428813"	"Θεσσαλονίκη"	"True"
"start_pos_settlements_onscreen_name_settlement:pel_mysia_kyzikos2130429996"	"Κύζικος"	"True"
"start_pos_settlements_onscreen_name_settlement:emp_arabia_felix_maas_gat2130431234"	"Μουσκάτ"	"True"
"start_pos_settlements_onscreen_name_settlement:pel_elis_patrai2130429861"	"Πάτρα"	"True"
"start_pos_settlements_onscreen_name_settlement:rom_cilicia_pamphylia:side2130426160"	"Σιντέ"	"True"
"start_pos_settlements_onscreen_name_settlement:pun_samnium_barium2130428082"	"Βάριον"	"True"
"start_pos_settlements_onscreen_name_settlement:pel_lakedaimon_messenia2130429813"	"Μεσσηνία"	"True"
"start_pos_settlements_onscreen_name_settlement:rom_armenia_armenia:armavir2130425954"	"Αρμαβίρ"	"True"
"start_pos_settlements_onscreen_name_settlement:pel_thraike_abdera2130429785"	"Abdera"	"True"
"start_pos_settlements_onscreen_name_settlement:emp_tarraconensis_brigantium2130432103"	"Βριγάντιον"	"True"
"start_pos_settlements_onscreen_name_settlement:pel_elis_zakynthos2130429771"	"Ζάκυνθος"	"True"
"start_pos_settlements_onscreen_name_settlement:emp_persis_susa2130429024"	"Σούσα"	"True"
"start_pos_settlements_onscreen_name_settlement:emp_lugii_oblin2130428793"	"Οβλίνιο"	"True"
"start_pos_settlements_onscreen_name_settlement:pro_magna_grecia_lucania:buxentum2130427103"	"Πυξούντα"	"True"
"start_pos_settlements_onscreen_name_settlement:emp_syria_antioch2130429139"	"Αντιόχεια"	"True"
"start_pos_settlements_onscreen_name_settlement:pel_hellespontos_sestos2130429800"	"Σηστός"	"True"
"start_pos_settlements_onscreen_name_settlement:emp_britannia_iska2130428489"	"Ίσκα"	"True"
"start_pos_settlements_onscreen_name_settlement:rom_arachosia_paropamisadae:kapisene2130425935"	"Καπισηνή"	"True"
"start_pos_settlements_onscreen_name_settlement:pun_celtiberia_numantia2130427957"	"Νουμάντια"	"True"
"start_pos_settlements_onscreen_name_settlement:emp_macedonia_pharsalus2130431765"	"Φάρσαλος"	"True"
"start_pos_settlements_onscreen_name_settlement:pun_gallaecia_pallantia2130427898"	"Παλλάντιο"	"True"
"start_pos_settlements_onscreen_name_settlement:rom_scythia_scythia:gelonus2130426590"	"Γέλωνος"	"True"
"start_pos_settlements_onscreen_name_settlement:rom_carmania_eremos_karmania:bam2130426085"	"Μπάμ"	"True"
"start_pos_settlements_onscreen_name_settlement:emp_arabia_felix_maas_gat2130428303"	"Μουσκάτ"	"True"
"start_pos_settlements_onscreen_name_settlement:emp_hercynia_bergium2130431595"	"Βέργιο"	"True"
"start_pos_settlements_onscreen_name_settlement:emp_transoxania_bukhara2130432143"	"Μπουχάρα"	"True"
"start_pos_settlements_onscreen_name_settlement:rom_raetia_et_noricum_raetia:koria2130426573"	"Κουρία"	"True"
"start_pos_settlements_onscreen_name_settlement:gaul_aremorica_namnetum2130427198"	"Ναμνέτειον"	"True"
"start_pos_settlements_onscreen_name_settlement:rom_aithiops_medjay:ptolemais_theron2130425880"	"Πτολεμαΐς Θηρών"	"True"
"start_pos_settlements_onscreen_name_settlement:pel_argolis_melos2130430158"	"Μήλος"	"True"
"start_pos_settlements_onscreen_name_settlement:gaul_germania_inferior_atuatuca2130427247"	"Ατουάτουκα"	"True"
"start_pos_settlements_onscreen_name_settlement:pro_samnium_apulia:lucera2130426990"	"Λουκέρα"	"True"
"start_pos_settlements_onscreen_name_settlement:pel_ambrakia_pronnoi2130429761"	"Προννοί"	"True"
"start_pos_settlements_onscreen_name_settlement:emp_numidia_iol2130431885"	"Καρτέννα"	"True"
"start_pos_settlements_onscreen_name_settlement:gaul_narbonensis_tolosa2130427357"	"Τολώσα"	"True"
"start_pos_settlements_onscreen_name_settlement:rom_britannia_britannia:camulodunon2130426054"	"Καμουλόδουνον"	"True"
"start_pos_settlements_onscreen_name_settlement:rom_transoxania_kangju:bukhara2130426722"	"Μπουχάρα"	"True"
"start_pos_settlements_onscreen_name_settlement:pel_attike_athenai2130429686"	"Αθήνα"	"True"
"start_pos_settlements_onscreen_name_settlement:pun_hispania_citerior_cissis2130427945"	"Κίσσις"	"True"
"start_pos_settlements_onscreen_name_settlement:emp_latium_asculum2130428748"	"Άσκλο"	"True"
"start_pos_settlements_onscreen_name_settlement:emp_media_magna_arsakia2130431793"	"Αρσάκεια"	"True"
"start_pos_settlements_onscreen_name_settlement:emp_numidia_cirta2130428944"	"Κίρτα"	"True"
"start_pos_settlements_onscreen_name_settlement:pel_euboia_kalkis2130429711"	"Χαλκίδα"	"True"
"start_pos_settlements_onscreen_name_settlement:emp_hispania_ibossim2130431610"	"Ίμπιζα"	"True"
"start_pos_settlements_onscreen_name_settlement:rom_caledonia_et_hibernia_hibernia:eblana2130426083"	"Έβλανα"	"True"
"start_pos_settlements_onscreen_name_settlement:rom_syria_aram:palmyra2130426648"	"Παλμύρα"	"True"
"start_pos_settlements_onscreen_name_settlement:emp_sarmatia_solokha2130429079"	"Σολώκα"	"True"
"start_pos_settlements_onscreen_name_settlement:rom_cisalpina_insubria:medhlan2130425725"	"Μεδιόλανα"	"True"
"start_pos_settlements_onscreen_name_settlement:emp_bithynia_et_pontus_trapezos2130431395"	"Τραπεζούντα"	"True"
"start_pos_settlements_onscreen_name_settlement:rom_belgica_silva_carbonaria:nemetocenna2130426001"	"Νεμετοτσέννα"	"True"
"start_pos_settlements_onscreen_name_settlement:emp_achaia_athenae2130431139"	"Αθήνα"	"True"
"start_pos_settlements_onscreen_name_settlement:rom_parthia_astauene:nisa2130426493"	"Νίσα"	"True"
"start_pos_settlements_onscreen_name_settlement:emp_numidia_capsa2130431866"	"Κάψα"	"True"
"start_pos_settlements_onscreen_name_settlement:emp_phazania_cydamus2130431955"	"Κύδαμος"	"True"
"start_pos_settlements_onscreen_name_settlement:emp_bithynia_et_pontus_trapezos2130428459"	"Τραπεζούντα"	"True"
"start_pos_settlements_onscreen_name_settlement:emp_achaia_athenae2130428212"	"Αθήνα"	"True"
"start_pos_settlements_onscreen_name_settlement:rom_bithynia_et_pontus_pontos:cabira2130426028"	"Αμάσεια"	"True"
"start_pos_settlements_onscreen_name_settlement:rom_asia_phrygia:pessinus2130425977"	"Πεσσινούντα"	"True"
"start_pos_settlements_onscreen_name_settlement:pel_euboia_andros2130429702"	"Άνδρος"	"True"
"start_pos_settlements_onscreen_name_settlement:pro_samnium_apulia:lucera2130427107"	"Λουκέρα"	"True"
"start_pos_settlements_onscreen_name_settlement:pel_epeiros_elaea2130429921"	"Ελαία"	"True"
"start_pos_settlements_onscreen_name_settlement:emp_arabia_magna_adummatu2130428310"	"Αντούματου"	"True"
"start_pos_settlements_onscreen_name_settlement:emp_phazania_cydamus2130429031"	"Κύδαμος"	"True"
"start_pos_settlements_onscreen_name_settlement:pun_numidia_iol2130428162"	"Ιώλ"	"True"
"start_pos_settlements_onscreen_name_settlement:emp_numidia_capsa2130428934"	"Κάψα"	"True"
"start_pos_settlements_onscreen_name_settlement:rom_bosporus_taurica:panticapaeum2130426045"	"Παντικάπαιον"	"True"
"start_pos_settlements_onscreen_name_settlement:pel_amphipolis_amphipolis2130429777"	"Αμφίπολη"	"True"
"start_pos_settlements_onscreen_name_settlement:rom_bithynia_et_pontus_riza:trapezos2130426037"	"Τραπεζούντα"	"True"
"start_pos_settlements_onscreen_name_settlement:emp_hispania_ibossim2130428680"	"Ίμπιζα"	"True"
"start_pos_settlements_onscreen_name_settlement:emp_transoxania_bukhara2130429197"	"Μπουχάρα"	"True"
"start_pos_settlements_onscreen_name_settlement:rom_asia_lydia:ephesus2130425964"	"Έφεσος"	"True"
"start_pos_settlements_onscreen_name_settlement:emp_arabia_felix_eudaemon2130428300"	"Ευδαίμων"	"True"
"start_pos_settlements_onscreen_name_settlement:pro_samnium_apulia:lucera2130427050"	"Λουκέρα"	"True"
"start_pos_settlements_onscreen_name_settlement:rom_germania_minor_germania_inferior:bavay2130426238"	"Βαγάκουμ"	"True"
"start_pos_settlements_onscreen_name_settlement:emp_latium_asculum2130431699"	"Άσκλο"	"True"
"start_pos_settlements_onscreen_name_settlement:pun_tripolitana_tacapae2130428180"	"Τακάπιον"	"True"
"start_pos_settlements_onscreen_name_settlement:emp_arabia_felix_eudaemon2130431230"	"Ευδαίμων"	"True"
"start_pos_settlements_onscreen_name_settlement:emp_arabia_magna_adummatu2130431242"	"Αντούματου"	"True"
"start_pos_settlements_onscreen_name_settlement:emp_hercynia_bergium2130428661"	"Βέργιο"	"True"
"start_pos_settlements_onscreen_name_settlement:rom_illyria_delminium:delminium2130426268"	"Δελμίνιον"	"True"
"start_pos_settlements_onscreen_name_settlement:emp_numidia_iol2130428950"	"Ιώλ"	"True"
"start_pos_settlements_onscreen_name_settlement:emp_media_magna_arsakia2130428853"	"Αρσάκεια"	"True"
"start_pos_settlements_onscreen_name_settlement:emp_asia_pergamum2130431307"	"Πέργαμος"	"True"
"start_pos_settlements_onscreen_name_settlement:emp_gedrosia_pura2130428647"	"Πούρα"	"True"
"start_pos_settlements_onscreen_name_settlement:emp_pretanic_isles_eilodon2130431970"	"Είλωδον"	"True"
"start_pos_settlements_onscreen_name_settlement:emp_suebia_pelplin2130429125"	"Πελπλίνιο"	"True"
"start_pos_settlements_onscreen_name_settlement:emp_bosporus_panticapaeum2130428465"	"Παντικάπαιον"	"True"
"start_pos_settlements_onscreen_name_settlement:emp_asia_pessinus2130428399"	"Πεσσινούντα"	"True"
"start_pos_settlements_onscreen_name_settlement:emp_pretanic_isles_elbana2130431978"	"Ελβάνα"	"True"
"start_pos_settlements_onscreen_name_settlement:rom_aquitania_pictavis:limonum2130425895"	"Λεμόνιον"	"True"
"start_pos_settlements_onscreen_name_settlement:emp_pretanic_isles_elbana2130429040"	"Ελβάνα"	"True"
"start_pos_settlements_onscreen_name_settlement:rom_suebia_rugia:rhougion2130426644"	"Ρούγειον"	"True"
"start_pos_settlements_onscreen_name_settlement:pel_dodekanisa_kos2130429737"	"Κως"	"True"
"start_pos_settlements_onscreen_name_settlement:emp_magna_germania_flevium2130428822"	"Φλέβιο"	"True"
"start_pos_settlements_onscreen_name_settlement:emp_gedrosia_pura2130431571"	"Πούρα"	"True"
"start_pos_settlements_onscreen_name_settlement:emp_achaia_sparta2130428221"	"Σπάρτη"	"True"
"start_pos_settlements_onscreen_name_settlement:rom_corsica_et_sardinia_sardinia:karalis2130425753"	"Κάραλις"	"True"
"start_pos_settlements_onscreen_name_settlement:rom_bithynia_et_pontus_paphlagonia:sinope2130426020"	"Σινώπη"	"True"
"start_pos_settlements_onscreen_name_settlement:emp_suebia_pelplin2130432075"	"Πελπλίνιο"	"True"
"start_pos_settlements_onscreen_name_settlement:pel_attike_laviro2130429696"	"Λαύριο"	"True"
"start_pos_settlements_onscreen_name_settlement:rom_gedrosia_rhambacia:oraea2130426235"	"Ορεία"	"True"
"start_pos_settlements_onscreen_name_settlement:emp_pretanic_isles_eilodon2130429035"	"Είλωδον"	"True"
"start_pos_settlements_onscreen_name_settlement:emp_achaia_sparta2130431148"	"Σπάρτη"	"True"
"start_pos_settlements_onscreen_name_settlement:gaul_aquitania_elimberris2130427149"	"Ελιμβέρρις"	"True"
"start_pos_settlements_onscreen_name_settlement:rom_aria_drangiana:phrada2130425946"	"Φράδα"	"True"
"start_pos_settlements_onscreen_name_settlement:rom_bactria_tocharia:eucratideia2130425986"	"Ευκρατίδεια"	"True"
"start_pos_settlements_onscreen_name_settlement:emp_magna_germania_flevium2130431768"	"Φλέβιο"	"True"
"start_pos_settlements_onscreen_name_settlement:pel_argolis_argos2130429841"	"Άργος"	"True"
"start_pos_settlements_onscreen_name_settlement:emp_mesopotamia_ctesiphon2130431823"	"Κτησιφώνα"	"True"
"start_pos_settlements_onscreen_name_settlement:gaul_lugdunensis_bibracte2130427307"	"Βιμπράκτη"	"True"
"start_pos_settlements_onscreen_name_settlement:emp_asia_pergamum2130428389"	"Πέργαμος"	"True"
"start_pos_settlements_onscreen_name_settlement:rom_persis_lyan:gor2130426511"	"Γκορ"	"True"
"start_pos_settlements_onscreen_name_settlement:rom_africa_tripolis:lepcis2130425825"	"Λέπτις"	"True"
"start_pos_settlements_onscreen_name_settlement:gaul_narbonensis_divona2130427347"	"Δίβονα"	"True"
"start_pos_settlements_onscreen_name_settlement:emp_asia_pessinus2130431312"	"Πεσσινούντα"	"True"
"start_pos_settlements_onscreen_name_settlement:pel_thraike_ainos2130429799"	"Αίνος"	"True"
"start_pos_settlements_onscreen_name_settlement:emp_scythia_sarai2130429104"	"Σαράι"	"True"
"start_pos_settlements_onscreen_name_settlement:rom_aegyptos_ta_mehu:alexandria2130425846"	"Αλεξάνδρεια"	"True"
"start_pos_settlements_onscreen_name_settlement:rom_parthia_hyrcania:zadrakarta2130426496"	"Ζαδράκαρτα"	"True"
"start_pos_settlements_onscreen_name_settlement:gaul_helvetia_octoduron2130427264"	"Οκτώδουρον"	"True"
"start_pos_settlements_onscreen_name_settlement:emp_aegyptos_memphis2130428244"	"Μέμφις"	"True"
"start_pos_settlements_onscreen_name_settlement:pun_numidia_cirta2130428152"	"Κίρτα"	"True"
"start_pos_settlements_onscreen_name_settlement:rom_phazania_tidamensi:cydamus2130426519"	"Κύδαμος"	"True"
"start_pos_settlements_onscreen_name_settlement:emp_aegyptos_memphis2130431156"	"Μέμφις"	"True"
"start_pos_settlements_onscreen_name_settlement:gaul_lugdunensis_vienna2130427308"	"Βιέννη"	"True"
"start_pos_settlements_onscreen_name_settlement:emp_achaia_gortyna2130428218"	"Γόρτυνα"	"True"
"start_pos_settlements_onscreen_name_settlement:rom_nabataea_jordan:petra2130426457"	"Πέτρα"	"True"
"start_pos_settlements_onscreen_name_settlement:pel_makedon_aigai2130429965"	"Αιγαί"	"True"
"start_pos_settlements_onscreen_name_settlement:rom_cartaginensis_baleareis:ibossim2130426097"	"Ίμπιζα"	"True"
"start_pos_settlements_onscreen_name_settlement:pun_etruria_pisae2130428029"	"Πίσα"	"True"
"start_pos_settlements_onscreen_name_settlement:gaul_britannia_durovernon2130427203"	"Δουροβέρνον"	"True"
"start_pos_settlements_onscreen_name_settlement:emp_germania_minor_vesonto2130428660"	"Βεσόντιον"	"True"
"start_pos_settlements_onscreen_name_settlement:emp_mesopotamia_ctesiphon2130428888"	"Κτησιφώνα"	"True"
"start_pos_settlements_onscreen_name_settlement:emp_scythia_sarai2130432041"	"Σαράι"	"True"
"start_pos_settlements_onscreen_name_settlement:pel_boiotia_lamia2130429905"	"Λαμία"	"True"
"start_pos_settlements_onscreen_name_settlement:rom_scythia_turan:sarai2130426597"	"Σαράι"	"True"
"start_pos_settlements_onscreen_name_settlement:emp_achaia_gortyna2130431140"	"Γόρτυνα"	"True"
"start_pos_settlements_onscreen_name_settlement:emp_bosporus_panticapaeum2130431399"	"Παντικάπαιον"	"True"
"start_pos_settlements_onscreen_name_settlement:gaul_transalpina_massalia2130427429"	"Μασσαλία"	"True"
"start_pos_settlements_onscreen_name_settlement:rom_nabataea_lihyan:hegra2130426467"	"Χέγκρα"	"True"
"start_pos_settlements_onscreen_name_settlement:rom_bithynia_et_pontus_bythynia:nicomedia2130426011"	"Νικομήδεια"	"True"
"start_pos_settlements_onscreen_name_settlement:rom_caucasia_iberia:mtskheta2130426126"	"Μτσκέτα"	"True"
"start_pos_settlements_onscreen_name_settlement:pun_gallia_cisalpina_genua2130428019"	"Γένουα"	"True"
"start_pos_settlements_onscreen_name_settlement:rom_africa_byzacium:thapsus2130425819"	"Θάψος"	"True"
"start_pos_settlements_onscreen_name_settlement:emp_africa_hadrumentum2130428270"	"Αδρύμητον"	"True"
"start_pos_settlements_onscreen_name_settlement:pun_africa_hadrumentum2130428170"	"Αδρύμητον"	"True"
"start_pos_settlements_onscreen_name_settlement:gaul_silva_nigra_argentorate2130427408"	"Αργεντοράτ"	"True"
"start_pos_settlements_onscreen_name_settlement:emp_narbonensis_massilia2130431846"	"Μασσιλία"	"True"
"start_pos_settlements_onscreen_name_settlement:emp_narbonensis_massilia2130428925"	"Μασσιλία"	"True"
"start_pos_settlements_onscreen_name_settlement:pun_gallia_transalpina_massilia2130427983"	"Μασσιλία"	"True"
"start_pos_settlements_onscreen_name_settlement:rom_aquitania_aquitania:burdigala2130425889"	"Βουρδίγαλα"	"True"
"start_pos_settlements_onscreen_name_settlement:gaul_aquitania_burdigala2130427147"	"Βουρδίγαλα"	"True"
"start_pos_settlements_onscreen_name_settlement:emp_aquitania_burdigala2130428286"	"Βουρδίγαλα"	"True"
"start_pos_settlements_onscreen_name_settlement:emp_aquitania_burdigala2130431207"	"Βουρδίγαλα"	"True"
"start_pos_settlements_onscreen_name_settlement:pun_aquitania_burdigala2130427975"	"Βουρδίγαλα"	"True"
"start_pos_settlements_onscreen_name_settlement:emp_numidia_cirta2130431871"	"Λάμβαισα"	"True"
"start_pos_settlements_onscreen_name_settlement:emp_sarmatia_solokha2130432019"	"Αρεϊμάρ"	"True"
"start_pos_settlements_onscreen_name_settlement:emp_germania_minor_bavay2130431578"	"Βαγάκουμ"	"True"
"start_pos_settlements_onscreen_name_settlement:gaul_silva_carbonaria_bratuspantion2130427389"	"Βρατουσπάντιον"	"True"
"start_pos_settlements_onscreen_name_settlement:emp_suebia_calancorum2130432067"	"Καλάνκορον"	"True"
"start_pos_settlements_onscreen_name_settlement:emp_suebia_calancorum2130429122"	"Καλάνκορον"	"True"
"start_pos_settlements_onscreen_name_settlement:emp_raetia_et_noricum_kelheim2130431986"	"Καμβόδουνον"	"True"
"start_pos_settlements_onscreen_name_settlement:rom_hercynia_hercynia_silva:zavist2130426258"	"Κασούργκις"	"True"
"start_pos_settlements_onscreen_name_settlement:gaul_aremorica_condate2130427187"	"Κονδάτειον"	"True"
"start_pos_settlements_onscreen_name_settlement:emp_numidia_dimmidi2130428949"	"Διμμίδι"	"True"
"start_pos_settlements_onscreen_name_settlement:rom_mauretania_gaetulia:dimmidi2130426405"	"Διμμίδι"	"True"
"start_pos_settlements_onscreen_name_settlement:gaul_gergovia_durotincon2130427236"	"Δουρότινκον"	"True"
"start_pos_settlements_onscreen_name_settlement:emp_lusitania_ebora2130431751"	"Έβορα Κερεάλις"	"True"
"start_pos_settlements_onscreen_name_settlement:rom_caledonia_et_hibernia_caledonia:eildon2130426073"	"Ήλδον"	"True"
"start_pos_settlements_onscreen_name_settlement:rom_caucasia_albania:gabala2130426122"	"Κάμπαλα"	"True"
"start_pos_settlements_onscreen_name_settlement:gaul_silva_carbonaria_gesoriacum2130427395"	"Γεσοριάκειον"	"True"
"start_pos_settlements_onscreen_name_settlement:gaul_senonia_agedineum2130427378"	"Aγεδινξούμ"	"True"
"start_pos_settlements_onscreen_name_settlement:rom_pannonia_transdanubia:ak_ink2130426490"	"Ακίνκ"	"True"
"start_pos_settlements_onscreen_name_settlement:pun_lusitania_helmantica2130427913"	"Σαλματίδες"	"True"
"start_pos_settlements_onscreen_name_settlement:emp_illyricum_salona2130431652"	"Ιαδέρα"	"True"
"start_pos_settlements_onscreen_name_settlement:emp_raetia_et_noricum_kelheim2130429054"	"Κελχάϊμο"	"True"
"start_pos_settlements_onscreen_name_settlement:gaul_lutetia_lexovion2130427322"	"Λεξώβιον"	"True"
"start_pos_settlements_onscreen_name_settlement:gaul_pictavis_mediolanum_santonum2130427376"	"Μεδιολάνο Σαντόνουμ"	"True"
"start_pos_settlements_onscreen_name_settlement:emp_sarmatia_melgunov2130429073"	"Μέλγουνοβ"	"True"
"start_pos_settlements_onscreen_name_settlement:emp_sarmatia_melgunov2130432009"	"Μέλγουνοβ"	"True"
"start_pos_settlements_onscreen_name_settlement:emp_belgica_nemecatum2130428433"	"Νεμεκάτουμ"	"True"
"start_pos_settlements_onscreen_name_settlement:emp_belgica_nemecatum2130431370"	"Νεμεκάτουμ"	"True"
"start_pos_settlements_onscreen_name_settlement:gaul_silva_nigra_noviiomagos2130427418"	"Νοβιομάγιον"	"True"
"start_pos_settlements_onscreen_name_settlement:emp_dacia_piscul2130428574"	"Πίσκουλο"	"True"
"start_pos_settlements_onscreen_name_settlement:emp_dacia_piscul2130431519"	"Πίσκουλο"	"True"
"start_pos_settlements_onscreen_name_settlement:rom_cartaginensis_bastetania:qart_hadasht2130426106"	"Θάρτ Αδάστ"	"True"
"start_pos_settlements_onscreen_name_settlement:rom_pannonia_pannonia_superior:segestica2130426484"	"Σεγεστίκα"	"True"
"start_pos_settlements_onscreen_name_settlement:emp_pannonia_segestica2130428978"	"Σεγεστίκα"	"True"
"start_pos_settlements_onscreen_name_settlement:gaul_britannia_venta_belgarum2130427222"	"Βέντα Βελγική"	"True"
"start_pos_settlements_onscreen_name_settlement:pro_samnium_irpinia:malventum2130426991"	"Μαλβέντο"	"True"
"start_pos_settlements_onscreen_name_settlement:pro_samnium_irpinia:malventum2130427052"	"Μαλβέντο"	"True"
"start_pos_settlements_onscreen_name_settlement:pro_samnium_umbria:aternum2130427067"	"Ατέρνο"	"True"
"start_pos_settlements_onscreen_name_settlement:emp_gallia_darioritum2130428623"	"Δαριόριτο"	"True"
"start_pos_settlements_onscreen_name_settlement:emp_gallia_darioritum2130431552"	"Δαριόριτο"	"True"
"start_pos_settlements_onscreen_name_settlement:pro_samnium_umbria:aternum2130427003"	"Ατέρνο"	"True"
"start_pos_settlements_onscreen_name_settlement:pro_samnium_irpinia:malventum2130427113"	"Μαλβέντο"	"True"
"start_pos_settlements_onscreen_name_settlement:pro_samnium_umbria:aternum2130427124"	"Ατέρνο"	"True"
"start_pos_settlements_onscreen_name_settlement:emp_parthia_zadrakata2130429001"	"Ζαδρακάτα"	"True"
"start_pos_settlements_onscreen_name_settlement:emp_parthia_zadrakata2130431937"	"Ζαδρακάτα"	"True"
"start_pos_settlements_onscreen_name_settlement:gaul_lutetia_cenabum2130427314"	"Κήναβον"	"True"
"start_pos_settlements_onscreen_name_settlement:rom_celtica_lutetia:cenabum2130426139"	"Κήναβον"	"True"
"start_pos_settlements_onscreen_name_settlement:gaul_aremorica_darioritum2130427192"	"Δαριόριτο"	"True"
"start_pos_settlements_onscreen_name_settlement:emp_gallia_cenabum2130428622"	"Κήναβον"	"True"
"start_pos_settlements_onscreen_name_settlement:emp_gallia_cenabum2130431548"	"Κήναβον"	"True"
"start_pos_settlements_onscreen_name_settlement:gaul_aremorica_vorgion2130427200"	"Βοργία"	"True"
"start_pos_settlements_onscreen_name_settlement:rom_baetica_baeturia:kartuba2130425989"	"Κορδύβη"	"True"
"start_pos_settlements_onscreen_name_settlement:rom_armenia_corduene:tushpa2130425955"	"Τούσπα"	"True"
"start_pos_settlements_onscreen_name_settlement:emp_persis_gor2130429008"	"Γκορ"	"True"
"start_pos_settlements_onscreen_name_settlement:gaul_narbonensis_narbo_martius2130427349"	"Νάρμπο Μάρτιος"	"True"
"start_pos_settlements_onscreen_name_settlement:rom_phazania_zinchecra:garama2130426526"	"Γαραμάς"	"True"
"start_pos_settlements_onscreen_name_settlement:pel_elis_elis2130429853"	"Ήλις"	"True"
"start_pos_settlements_onscreen_name_settlement:gaul_germania_inferior_bagacum2130427255"	"Βαγάκουμ"	"True"
"start_pos_settlements_onscreen_name_settlement:emp_carmania_harmozia2130428503"	"Αρμοζία"	"True"
"start_pos_settlements_onscreen_name_settlement:emp_carmania_harmozia2130431440"	"Αρμοζία"	"True"
"start_pos_settlements_onscreen_name_settlement:rom_baetica_turdetania:gadira2130425995"	"Γάδειρα"	"True"
"start_pos_settlements_onscreen_name_settlement:emp_pannonia_segestica2130431907"	"Σίσκια"	"True"
"start_pos_settlements_onscreen_name_settlement:rom_raetia_et_noricum_helvetia:octodurus2130426563"	"Οκτούδουρον"	"True"
"start_pos_settlements_onscreen_name_settlement:rom_mauretania_atlas:migdol2130426399"	"Μιγδόλ"	"True"
"start_pos_settlements_onscreen_name_settlement:gaul_liguria_pollentia2130427305"	"Πολλέντια"	"True"
"start_pos_settlements_onscreen_name_settlement:pun_latium_et_campania_tarracina2130428204"	"Ταρρακίνα"	"True"
"start_pos_settlements_onscreen_name_settlement:rom_carmania_karmania:harmozia2130426087"	"Αρμοζία"	"True"
"start_pos_settlements_onscreen_name_settlement:gaul_senonia_lutetia2130427387"	"Λουτέτια"	"True"
"start_pos_settlements_onscreen_name_settlement:rom_illyria_liburnia:lader2130426284"	"Ζαντέρ"	"True"
"start_pos_settlements_onscreen_name_settlement:rom_parthia_traxiane:susia2130426502"	"Σουσιάνη"	"True"
"start_pos_settlements_onscreen_name_settlement:pun_turdetania_gades2130427923"	"Γάδειρα"	"True"
"start_pos_settlements_onscreen_name_settlement:rom_transoxania_sodgiana:maracanda2130426732"	"Σαμαρκάνδη"	"True"
"start_pos_settlements_onscreen_name_settlement:emp_transoxania_maracanda2130432146"	"Σαμαρκάνδη"	"True"
"start_pos_settlements_onscreen_name_settlement:emp_transoxania_maracanda2130429203"	"Σαμαρκάνδη"	"True"
"start_pos_settlements_onscreen_name_settlement:emp_parthia_susia2130428993"	"Σουσιάνη"	"True"
"start_pos_settlements_onscreen_name_settlement:emp_parthia_susia2130431932"	"Σουσιάνη"	"True"
"start_pos_settlements_onscreen_name_settlement:emp_baetica_gades2130428416"	"Γάδειρα"	"True"
"start_pos_settlements_onscreen_name_settlement:emp_germania_minor_vesonto2130431587"	"Αργεντατόρουμ"	"True"
"start_pos_settlements_onscreen_name_settlement:emp_baetica_gades2130431350"	"Γάδειρα"	"True"
"start_pos_settlements_onscreen_name_settlement:pun_hispania_citerior_ilerda2130427944"	"Λιέιδα"	"True"
"start_pos_settlements_onscreen_name_settlement:pro_latium_volsci:velitrae2130427090"	"Βελίτρες"	"True"
"start_pos_settlements_onscreen_name_settlement:pro_latium_volsci:velitrae2130427004"	"Βελίτρες"	"True"
"start_pos_settlements_onscreen_name_settlement:pro_latium_volsci:velitrae2130427037"	"Βελίτρες"	"True"































"start_pos_settlements_onscreen_name_settlement:inv_lucania_aceruntia:aceruntia2130432478"	"Ακερουντία"	"True"
"start_pos_settlements_onscreen_name_settlement:inv_frentania_aesernia:aesernia2130432311"	"Αισερνία"	"True"
"start_pos_settlements_onscreen_name_settlement:inv_corsica_aethalia:aethalia2130432766"	"Αιθαλία"	"True"
"start_pos_settlements_onscreen_name_settlement:inv_sicania_agyrion:agyrion2130432625"	"Αγύριον"	"True"
"start_pos_settlements_onscreen_name_settlement:inv_elymia_agrigento:agrigento2130432273"	"Ακράγας"	"True"
"start_pos_settlements_onscreen_name_settlement:inv_sabinium_alba_fucens:albafucens2130432555"	"Άλμπα Φουκένς"	"True"
"start_pos_settlements_onscreen_name_settlement:inv_liguria_asta:asta2130432468"	"Αλβινγαούνουμ"	"True"
"start_pos_settlements_onscreen_name_settlement:inv_corsica_aleria:aleria2130432263"	"Αλερία"	"True"
"start_pos_settlements_onscreen_name_settlement:inv_balaria_alghero:alghero2130432176"	"Αλγκάριουμ"	"True"
"start_pos_settlements_onscreen_name_settlement:inv_latium_anagni:anagni2130432421"	"Ανάγνι"	"True"
"start_pos_settlements_onscreen_name_settlement:inv_latium_antium:antium2130432422"	"Άντιουμ"	"True"
"start_pos_settlements_onscreen_name_settlement:inv_senonia_ariminum:ariminum2130432603"	"Αρίμινουμ"	"True"
"start_pos_settlements_onscreen_name_settlement:inv_tuscia_aritim:aritim2130432685"	"Αριτίμ"	"True"
"start_pos_settlements_onscreen_name_settlement:inv_liguria_retovium:retovium2130432458"	"Άστα"	"True"
"start_pos_settlements_onscreen_name_settlement:inv_picenum_ausculum:ausculum2130432509"	"Αουσκούλουμ"	"True"
"start_pos_settlements_onscreen_name_settlement:inv_apulia_barium:barium2130432153"	"Βάριον"	"True"
"start_pos_settlements_onscreen_name_settlement:inv_raetia_bergamum:bergamum2130432530"	"Μπέργκαμουμ"	"True"
"start_pos_settlements_onscreen_name_settlement:inv_samnium_bovianum:bovianum2130432580"	"Μποβιανούμ"	"True"
"start_pos_settlements_onscreen_name_settlement:inv_calabria_brundisium:brundisium2130432209"	"Βρεντήσιον"	"True"
"start_pos_settlements_onscreen_name_settlement:inv_gallia_transpadana_brixia:brixia2130432347"	"Μπρέσια"	"True"
"start_pos_settlements_onscreen_name_settlement:inv_senonia_caesena:caesena2130432609"	"Καισένα"	"True"
"start_pos_settlements_onscreen_name_settlement:inv_campania_capua:capua2130432227"	"Κάπουα"	"True"
"start_pos_settlements_onscreen_name_settlement:inv_carthago_carthago:carthago2130432249"	"Καρχηδόνα"	"True"
"start_pos_settlements_onscreen_name_settlement:inv_latium_casinum:casinum2130432431"	"Κασίνουμ"	"True"
"start_pos_settlements_onscreen_name_settlement:inv_vei_caere:caere2130432726"	"Κίσρα"	"True"
"start_pos_settlements_onscreen_name_settlement:inv_lepontii_clavenna:clavenna2130432444"	"Κλαββένα"	"True"
"start_pos_settlements_onscreen_name_settlement:inv_tuscia_clevsin:clevsin2130432687"	"Κιούζι"	"True"
"start_pos_settlements_onscreen_name_settlement:inv_samnium_compsa:compsa2130432582"	"Κομπσά"	"True"
"start_pos_settlements_onscreen_name_settlement:inv_lepontii_comum:comum2130432449"	"Κόμο"	"True"
"start_pos_settlements_onscreen_name_settlement:inv_bruttium_consentia:consentia2130432195"	"Κονσεντία"	"True"
"start_pos_settlements_onscreen_name_settlement:inv_samnium_corfinium:corfinium2130432591"	"Κορφίνιον"	"True"
"start_pos_settlements_onscreen_name_settlement:inv_ioleia_bosa:bosa2130432376"	"Κόρνους"	"True"
"start_pos_settlements_onscreen_name_settlement:inv_bruttium_croton:croton2130432197"	"Kρότων"	"True"
"start_pos_settlements_onscreen_name_settlement:inv_sabinium_cures:cures2130432557"	"Κούρις"	"True"
"start_pos_settlements_onscreen_name_settlement:inv_lucania_buxentum:buxentum2130432486"	"Ελέα"	"True"
"start_pos_settlements_onscreen_name_settlement:inv_elymia_entella:entella2130432281"	"Εντέλα"	"True"
"start_pos_settlements_onscreen_name_settlement:inv_gallia_transpadana_eporedia:eporedia2130432357"	"Επορεδία"	"True"
"start_pos_settlements_onscreen_name_settlement:inv_tuscia_felathri:felathri2130432695"	"Φελάθρι"	"True"
"start_pos_settlements_onscreen_name_settlement:inv_gallia_cispadana_felsina:felsina2130432328"	"Φέλσινα"	"True"
"start_pos_settlements_onscreen_name_settlement:inv_raetia_feltria:feltria2130432538"	"Φελτρία"	"True"
"start_pos_settlements_onscreen_name_settlement:inv_picenum_firmum:firmum2130432519"	"Φέρμο"	"True"
"start_pos_settlements_onscreen_name_settlement:inv_latium_praeneste:praeneste2130432434"	"Φρεγέλλα"	"True"
"start_pos_settlements_onscreen_name_settlement:inv_tarchuna_fufluna:fufluna2130432672"	"Φουλφούνα"	"True"
"start_pos_settlements_onscreen_name_settlement:inv_siculia_gela:gela2130432652"	"Γέλα"	"True"
"start_pos_settlements_onscreen_name_settlement:inv_picenum_hadria:hadria2130432522"	"Άδρια"	"True"
"start_pos_settlements_onscreen_name_settlement:inv_lucania_herakleia:herakleia2130432495"	"Ηράκλεια"	"True"
"start_pos_settlements_onscreen_name_settlement:inv_apulia_herdonia:herdonia2130432160"	"Ερδονία"	"True"
"start_pos_settlements_onscreen_name_settlement:inv_italia_hipponion:hipponion2130432387"	"Ιππόνιον"	"True"
"start_pos_settlements_onscreen_name_settlement:inv_frentania_histonium:histonium2130432317"	"Ιστόνιον"	"True"
"start_pos_settlements_onscreen_name_settlement:inv_sikelia_hybla_heraea:hyblaheraea2130432780"	"Ύβλα Ηραία"	"True"
"start_pos_settlements_onscreen_name_settlement:inv_calabria_hydrus:hydrus2130432210"	"Ύδρος"	"True"
"start_pos_settlements_onscreen_name_settlement:inv_umbria_iguvium:iguvium2130432707"	"Γκούμπιο"	"True"
"start_pos_settlements_onscreen_name_settlement:inv_ioleia_caralis:caralis2130432378"	"Κάραλης"	"True"
"start_pos_settlements_onscreen_name_settlement:inv_sicania_catana:catana2130432628"	"Κατάνια"	"True"
"start_pos_settlements_onscreen_name_settlement:inv_sicania_cephaloidis:cephalioidis2130432637"	"Κεφαλοίδιον"	"True"
"start_pos_settlements_onscreen_name_settlement:inv_carthago_kerkouane:kerkouane2130432786"	"Κερκουανή"	"True"
"start_pos_settlements_onscreen_name_settlement:inv_siculia_leontini:leontini2130432657"	"Λεοντίνοι"	"True"
"start_pos_settlements_onscreen_name_settlement:inv_italia_locri:locri2130432395"	"Λοκροί"	"True"
"start_pos_settlements_onscreen_name_settlement:inv_etruria_luna:luna2130432295"	"Λούνα"	"True"
"start_pos_settlements_onscreen_name_settlement:inv_calabria_manduria:manduria2130432212"	"Μανδουρία"	"True"
"start_pos_settlements_onscreen_name_settlement:inv_corsica_mantinorum:mantinorum2130432269"	"Μάντινον"	"True"
"start_pos_settlements_onscreen_name_settlement:inv_gallia_transpadana_mediolanum:mediolanum2130432364"	"Μεδιολάνον"	"True"
"start_pos_settlements_onscreen_name_settlement:inv_sicania_messene:messene2130432645"	"Μεσσήνη"	"True"
"start_pos_settlements_onscreen_name_settlement:inv_elymia_motya:motya2130432284"	"Μοτύα"	"True"
"start_pos_settlements_onscreen_name_settlement:inv_campania_irna:irna2130432241"	"Νεάπολη"	"True"
"start_pos_settlements_onscreen_name_settlement:inv_balaria_nurra:nurra2130432181"	"Νούγορο"	"True"
"start_pos_settlements_onscreen_name_settlement:inv_ioleia_su_nuraxi:sunuraxi2130432379"	"Νουράξι"	"True"
"start_pos_settlements_onscreen_name_settlement:inv_sabinium_nursia:nursia2130432566"	"Νουρσία"	"True"
"start_pos_settlements_onscreen_name_settlement:inv_lepontii_oscela:oscela2130432457"	"Οσκέλα"	"True"
"start_pos_settlements_onscreen_name_settlement:inv_roma_ostia:ostia2130432548"	"Όστια"	"True"
"start_pos_settlements_onscreen_name_settlement:inv_corsica_pallas:pallas2130432270"	"Παλλάς"	"True"
"start_pos_settlements_onscreen_name_settlement:inv_elymia_panormus:panormus2130432289"	"Πάνορμος"	"True"
"start_pos_settlements_onscreen_name_settlement:inv_gallia_cispadana_mantua:mantua2130432333"	"Πάρμνι"	"True"
"start_pos_settlements_onscreen_name_settlement:inv_venetia_patavium:patavium2130432739"	"Πατάβιον"	"True"
"start_pos_settlements_onscreen_name_settlement:inv_umbria_nequinum:sestinum2130432718"	"Περούσια"	"True"
"start_pos_settlements_onscreen_name_settlement:inv_etruria_pisa:pisa2130432298"	"Πίζα"	"True"
"start_pos_settlements_onscreen_name_settlement:inv_campania_pithecusae:pithecusae2130432771"	"Πιθηκούσσες"	"True"
"start_pos_settlements_onscreen_name_settlement:inv_gallia_cispadana_placentia:placentia2130432335"	"Πλασέντια"	"True"
"start_pos_settlements_onscreen_name_settlement:inv_campania_neapolis:neapolis2130432234"	"Ποσειδωνία"	"True"
"start_pos_settlements_onscreen_name_settlement:inv_lucania_potentia:potentia2130432502"	"Ποτεντία"	"True"
"start_pos_settlements_onscreen_name_settlement:inv_gallia_cispadana_ravenna:ravenna2130432343"	"Ραβέννα"	"True"
"start_pos_settlements_onscreen_name_settlement:inv_sabinium_reate:reate2130432576"	"Ριέτι"	"True"
"start_pos_settlements_onscreen_name_settlement:inv_liguria_savona:savona2130432464"	"Ρετόβιουμ"	"True"
"start_pos_settlements_onscreen_name_settlement:inv_italia_rhegion:rhegion2130432405"	"Ρήγιον"	"True"
"start_pos_settlements_onscreen_name_settlement:inv_roma_roma:roma2130432549"	"Ρώμη"	"True"
"start_pos_settlements_onscreen_name_settlement:inv_etruria_sarsina:sarsina2130432302"	"Σαρσίνα"	"True"
"start_pos_settlements_onscreen_name_settlement:inv_raetia_sebatum:sebatum2130432539"	"Σέβατουμ"	"True"
"start_pos_settlements_onscreen_name_settlement:inv_senonia_sena:sena2130432616"	"Σένα"	"True"
"start_pos_settlements_onscreen_name_settlement:inv_umbria_perusia:perusia2130432711"	"Σεστίνουμ"	"True"
"start_pos_settlements_onscreen_name_settlement:inv_tuscia_siena:siena2130432700"	"Σιένα"	"True"
"start_pos_settlements_onscreen_name_settlement:inv_apulia_siponto:siponto2130432168"	"Σιπιούς"	"True"
"start_pos_settlements_onscreen_name_settlement:inv_italia_skyllition:skyllition2130432411"	"Σκυλλήτιον"	"True"
"start_pos_settlements_onscreen_name_settlement:inv_umbria_spolettium:spolettium2130432725"	"Σπολέττιουμ"	"True"
"start_pos_settlements_onscreen_name_settlement:inv_liguria_stalia:stalia2130432476"	"Σταλιά"	"True"
"start_pos_settlements_onscreen_name_settlement:inv_ioleia_sulcis:olbia2130432380"	"Σουλκί"	"True"
"start_pos_settlements_onscreen_name_settlement:inv_apulia_sylbion:sylbion2130432171"	"Σιλβίον"	"True"
"start_pos_settlements_onscreen_name_settlement:inv_siculia_syracuse:syracuse2130432663"	"Συρακούσες"	"True"
"start_pos_settlements_onscreen_name_settlement:inv_calabria_taranto:taranto2130432218"	"Τάρας"	"True"
"start_pos_settlements_onscreen_name_settlement:inv_tarchuna_tarchuna:tarchuna2130432673"	"Ταρχούνα"	"True"
"start_pos_settlements_onscreen_name_settlement:inv_venetia_tarvisium:tarvisium2130432746"	"Ταρβίσιουμ"	"True"
"start_pos_settlements_onscreen_name_settlement:inv_frentania_teate:teate2130432327"	"Τεατέ"	"True"
"start_pos_settlements_onscreen_name_settlement:inv_venetia_tegeste:tegeste2130432751"	"Τεγέστη"	"True"
"start_pos_settlements_onscreen_name_settlement:inv_bruttium_terina:terina2130432201"	"Τερίνα"	"True"
"start_pos_settlements_onscreen_name_settlement:inv_balaria_olbia:olbia2130432185"	"Τερρανόα"	"True"
"start_pos_settlements_onscreen_name_settlement:inv_samnium_terventum:terventum2130432599"	"Τερβέντουμ"	"True"
"start_pos_settlements_onscreen_name_settlement:inv_balaria_sassari:sassari2130432194"	"Θαθάρι"	"True"
"start_pos_settlements_onscreen_name_settlement:inv_bruttium_thurii:thurii2130432203"	"Θούριοι"	"True"
"start_pos_settlements_onscreen_name_settlement:inv_raetia_tridentum:tridentum2130432545"	"Τριδέντουμ"	"True"
"start_pos_settlements_onscreen_name_settlement:inv_carthago_utica:utica2130432256"	"Ουτίκα"	"True"
"start_pos_settlements_onscreen_name_settlement:inv_tarchuna_vatluna:vatluna2130432676"	"Βαλτούνα"	"True"
"start_pos_settlements_onscreen_name_settlement:inv_venetia_vedinum:vedinum2130432759"	"Βέδινουμ"	"True"
"start_pos_settlements_onscreen_name_settlement:inv_vei_vei:vei2130432735"	"Βέδινουμ"	"True"
"start_pos_settlements_onscreen_name_settlement:inv_tarchuna_velusna:velusna2130432684"	"Βελούσνα"	"True"
"start_pos_settlements_onscreen_name_settlement:inv_gallia_transpadana_ticinum:ticinum2130432370"	"Βερκέλουμ"	"True"
"start_pos_settlements_onscreen_name_settlement:inv_etruria_viesul:viesul2130432305"	"Φιέζολε"	"True"
