"start_pos_settlements_onscreen_name_settlement:bel_reg_brittany_gwened2130450527"	"Γουενέδ"	"True"
"start_pos_settlements_onscreen_name_settlement:bel_reg_brittany_osismorum2130450535"	"Οσίσμορουμ"	"True"
"start_pos_settlements_onscreen_name_settlement:bel_reg_africa_proconsularis_hippo_diarrhytus:hippo_diarrhytus2130449940"	"Ιππών Διαρρύτους"	"True"
"start_pos_settlements_onscreen_name_settlement:bel_reg_zeugitana_hippo_regis:hippo_regis2130450309"	"Ιππών Ρέγιους"	"True"
"start_pos_settlements_onscreen_name_settlement:bel_reg_cantabria_portus_victoriae2130450443"	"Πόρτους Βικτόριε"	"True"
"start_pos_settlements_onscreen_name_settlement:bel_reg_italia_reate:reate2130450110"	"Ρεατή"	"True"
"start_pos_settlements_onscreen_name_settlement:bel_reg_austrasia_remorum2130450554"	"Ρεμόρουμ"	"True"
"start_pos_settlements_onscreen_name_settlement:bel_reg_brittany_riedonum2130450531"	"Ριεδόνουμ"	"True"
"start_pos_settlements_onscreen_name_settlement:bel_reg_lusitania_aeminium2130450382"	"Εμίνιουμ"	"True"
"start_pos_settlements_onscreen_name_settlement:bel_reg_novempopulania_aquensium2130450474"	"Ακουένσιουμ"	"True"
"start_pos_settlements_onscreen_name_settlement:bel_reg_liguria_augusta_taurinorum:taurinorum2130450120"	"Αυγούστα Τορινόρουμ"	"True"
"start_pos_settlements_onscreen_name_settlement:bel_reg_austrasia_augustobona_tricassium2130450561"	"Αυγουστοβόνα Τρικάσσιουμ"	"True"
"start_pos_settlements_onscreen_name_settlement:att_reg_khwarasan_abarshahr2130447703"	"Aμπαρσάρ"	"True"
"start_pos_settlements_onscreen_name_settlement:att_reg_khwarasan_abarshahr2130449368"	"Aμπαρσάρ"	"True"
"start_pos_settlements_onscreen_name_settlement:bel_reg_tarraconensis_barcino2130450464"	"Βαρκίνο"	"True"
"start_pos_settlements_onscreen_name_settlement:bel_reg_burgundy_besantio2130450577"	"Βεσάντιο"	"True"
"start_pos_settlements_onscreen_name_settlement:bel_reg_flaminia_et_picenum_bononia:bononia2130450076"	"Βονονία"	"True"
"start_pos_settlements_onscreen_name_settlement:bel_reg_zeugitana_bulla_regia:bulla_regia2130450307"	"Βούλλα Ρεγία"	"True"
"start_pos_settlements_onscreen_name_settlement:bel_reg_mauretania_caesariensis_cartenna2130450330"	"Καρτέννα"	"True"
"start_pos_settlements_onscreen_name_settlement:bel_reg_celtiberia_complutum2130450406"	"Κομπλούτουμ"	"True"
"start_pos_settlements_onscreen_name_settlement:bel_reg_praeualitana_doclea:doclea2130450196"	"Δόκλεα"	"True"
"start_pos_settlements_onscreen_name_settlement:bel_reg_tuscia_et_umbria_faesulae:faesulae2130450277"	"Φιέζολε"	"True"
"start_pos_settlements_onscreen_name_settlement:bel_reg_carthaginensis_ilici2130450396"	"Υλίκη"	"True"
"start_pos_settlements_onscreen_name_settlement:bel_reg_cantabria_legio2130450438"	"Λέγιο"	"True"
"start_pos_settlements_onscreen_name_settlement:bel_reg_austrasia_mettis2130450545"	"Μεττίς"	"True"
"start_pos_settlements_onscreen_name_settlement:bel_reg_septimania_narbonne2130450483"	"Ναρμπόν"	"True"
"start_pos_settlements_onscreen_name_settlement:bel_reg_mauretania_caesariensis_pomaria2130450337"	"Πομαρία"	"True"
"start_pos_settlements_onscreen_name_settlement:bel_reg_neustria_portus_namnetum2130450524"	"Πόρτους Ναμνέτειον"	"True"
"start_pos_settlements_onscreen_name_settlement:bel_reg_mauretania_tingitana_rusaddir2130450340"	"Ρουσαδδίρ"	"True"
"start_pos_settlements_onscreen_name_settlement:bel_reg_byzacena_sufetula:sufetula2130449996"	"Σουφετούλα"	"True"
"start_pos_settlements_onscreen_name_settlement:bel_reg_dalmatia_tarsatica:tarsatica2130450054"	"Ταρσάτικα"	"True"
"start_pos_settlements_onscreen_name_settlement:bel_reg_zeugitana_thagaste:thagaste2130450318"	"Θαγαστή"	"True"
"start_pos_settlements_onscreen_name_settlement:bel_reg_africa_proconsularis_thuburbo:thuburbo2130449949"	"θουβούρβο"	"True"
"start_pos_settlements_onscreen_name_settlement:bel_reg_byzacena_thysdrus:thysdrus2130449999"	"Θυσδρούς"	"True"
"start_pos_settlements_onscreen_name_settlement:bel_reg_neustria_turonorum2130450521"	"Τουρονόρουμ"	"True"
"start_pos_settlements_onscreen_name_settlement:bel_reg_provence_vapincum2130450584"	"Βαπίνκουμ"	"True"
"start_pos_settlements_onscreen_name_settlement:bel_reg_aquitaine_avaricum2130450509"	"Αβαρικό"	"True"
"start_pos_settlements_onscreen_name_settlement:att_reg_aquitania_avaricum2130447622"	"Αβαρίκο"	"True"
"start_pos_settlements_onscreen_name_settlement:att_reg_aquitania_avaricum2130448912"	"Αβαρίκο"	"True"
"start_pos_settlements_onscreen_name_settlement:att_reg_mediterraneus_occidentalis_ajax2130447798"	"Άγιαξ"	"True"
"start_pos_settlements_onscreen_name_settlement:att_reg_mediterraneus_occidentalis_ajax2130449884"	"Άγιαξ"	"True"
"start_pos_settlements_onscreen_name_settlement:bel_reg_sicilia_agrigentum:agrigentum2130450227"	"Αγκριτζέντο"	"True"
"start_pos_settlements_onscreen_name_settlement:att_reg_bithynia_ancyra2130447647"	"Άγκυρα"	"True"
"start_pos_settlements_onscreen_name_settlement:att_reg_bithynia_ancyra2130449071"	"Άγκυρα"	"True"
"start_pos_settlements_onscreen_name_settlement:att_reg_aethiopia_adulis2130447616"	"Αδουλίς"	"True"
"start_pos_settlements_onscreen_name_settlement:att_reg_aethiopia_adulis2130448883"	"Αδουλίς"	"True"
"start_pos_settlements_onscreen_name_settlement:att_reg_thracia_trimontium2130449809"	"Αδριανούπολις"	"True"
"start_pos_settlements_onscreen_name_settlement:bel_reg_byzacena_hadrumentum:hadrumentum2130449992"	"Αδρούμητος"	"True"
"start_pos_settlements_onscreen_name_settlement:att_reg_africa_hadrumentum2130447621"	"Αδρούμητος"	"True"
"start_pos_settlements_onscreen_name_settlement:att_reg_africa_hadrumentum2130448910"	"Αδρούμητος"	"True"
"start_pos_settlements_onscreen_name_settlement:att_reg_libya_augila2130447706"	"Αιγίλα"	"True"
"start_pos_settlements_onscreen_name_settlement:att_reg_libya_augila2130449388"	"Αιγίλα"	"True"
"start_pos_settlements_onscreen_name_settlement:att_reg_palaestinea_aila2130447743"	"Αίλα"	"True"
"start_pos_settlements_onscreen_name_settlement:att_reg_palaestinea_aila2130449604"	"Αίλα"	"True"
"start_pos_settlements_onscreen_name_settlement:att_reg_palaestinea_aelia_capitolina2130447742"	"Αίλια Καπιτολίνα"	"True"
"start_pos_settlements_onscreen_name_settlement:att_reg_palaestinea_aelia_capitolina2130449601"	"Αίλια Καπιτολίνα"	"True"
"start_pos_settlements_onscreen_name_settlement:att_reg_narbonensis_aquae_sextiae2130447736"	"Ακουάε Σεξτιάε"	"True"
"start_pos_settlements_onscreen_name_settlement:att_reg_narbonensis_aquae_sextiae2130449559"	"Ακουάε Σεξτιάε"	"True"
"start_pos_settlements_onscreen_name_settlement:att_reg_venetia_aquileia2130447790"	"Ακουίλια"	"True"
"start_pos_settlements_onscreen_name_settlement:att_reg_venetia_aquileia2130449866"	"Ακουίλια"	"True"
"start_pos_settlements_onscreen_name_settlement:bel_reg_venetia_et_histria_aquileia:aquileia2130450283"	"Ακυληία"	"True"
"start_pos_settlements_onscreen_name_settlement:bel_reg_sardinia_et_corsica_aleria:aleria2130450212"	"Αλαλίη"	"True"
"start_pos_settlements_onscreen_name_settlement:att_reg_scandza_alabu2130447763"	"Αλαμπού"	"True"
"start_pos_settlements_onscreen_name_settlement:att_reg_scandza_alabu2130449705"	"Αλαμπού"	"True"
"start_pos_settlements_onscreen_name_settlement:att_reg_aegyptus_alexandria2130447613"	"Αλεξάνδρεια"	"True"
"start_pos_settlements_onscreen_name_settlement:att_reg_aegyptus_alexandria2130448876"	"Αλεξάνδρεια"	"True"
"start_pos_settlements_onscreen_name_settlement:att_reg_osroene_amida2130447739"	"Αμίντα"	"True"
"start_pos_settlements_onscreen_name_settlement:att_reg_osroene_amida2130449583"	"Αμίντα"	"True"
"start_pos_settlements_onscreen_name_settlement:att_reg_sarmatia_asiatica_anacopia2130447757"	"Ανακόπια"	"True"
"start_pos_settlements_onscreen_name_settlement:att_reg_sarmatia_asiatica_anacopia2130449683"	"Ανακόπια"	"True"
"start_pos_settlements_onscreen_name_settlement:bel_reg_picenum_suburbicarium_ancona:ancona2130450175"	"Ανκόνα"	"True"
"start_pos_settlements_onscreen_name_settlement:att_reg_frisia_angulus2130447679"	"Ανκούλους"	"True"
"start_pos_settlements_onscreen_name_settlement:att_reg_frisia_angulus2130449255"	"Ανκούλους"	"True"
"start_pos_settlements_onscreen_name_settlement:att_reg_syria_antiochia2130447772"	"Αντιόχεια"	"True"
"start_pos_settlements_onscreen_name_settlement:att_reg_syria_antiochia2130449752"	"Αντιόχεια"	"True"
"start_pos_settlements_onscreen_name_settlement:att_reg_aethiopia_aksum2130447617"	"Αξούμ"	"True"
"start_pos_settlements_onscreen_name_settlement:att_reg_aethiopia_aksum2130448891"	"Αξούμ"	"True"
"start_pos_settlements_onscreen_name_settlement:att_reg_dacia_apulum2130447670"	"Απούλουμ"	"True"
"start_pos_settlements_onscreen_name_settlement:att_reg_dacia_apulum2130449202"	"Απούλουμ"	"True"
"start_pos_settlements_onscreen_name_settlement:bel_reg_aquitaine_arvernis2130450511"	"Αρβέρνις"	"True"
"start_pos_settlements_onscreen_name_settlement:att_reg_maxima_sequanorum_argentoratum2130447730"	"Αργεντοράτουμ"	"True"
"start_pos_settlements_onscreen_name_settlement:att_reg_maxima_sequanorum_argentoratum2130449528"	"Αργεντοράτουμ"	"True"
"start_pos_settlements_onscreen_name_settlement:att_reg_germania_aregelia2130447685"	"Αρεγέλια"	"True"
"start_pos_settlements_onscreen_name_settlement:att_reg_germania_aregelia2130449269"	"Αρεγέλια"	"True"
"start_pos_settlements_onscreen_name_settlement:bel_reg_tuscia_et_umbria_arretium:arretium2130450267"	"Αρέτσο"	"True"
"start_pos_settlements_onscreen_name_settlement:att_reg_makran_harmosia2130447724"	"Αρμοσία"	"True"
"start_pos_settlements_onscreen_name_settlement:att_reg_makran_harmosia2130449493"	"Αρμοσία"	"True"
"start_pos_settlements_onscreen_name_settlement:att_reg_asorstan_arbela2130447637"	"Αρμπίλ"	"True"
"start_pos_settlements_onscreen_name_settlement:att_reg_asorstan_arbela2130449003"	"Αρμπίλ"	"True"
"start_pos_settlements_onscreen_name_settlement:att_reg_transcarpathia_arheimar2130447781"	"Αρχέιμαρ"	"True"
"start_pos_settlements_onscreen_name_settlement:att_reg_transcarpathia_arheimar2130449813"	"Αρχέιμαρ"	"True"
"start_pos_settlements_onscreen_name_settlement:att_reg_gothiscandza_ascaucalis2130447691"	"Ασκακάλις"	"True"
"start_pos_settlements_onscreen_name_settlement:att_reg_gothiscandza_ascaucalis2130449301"	"Ασκακάλις"	"True"
"start_pos_settlements_onscreen_name_settlement:bel_reg_picenum_suburbicarium_asculum:asculum2130450183"	"Άσκλο"	"True"
"start_pos_settlements_onscreen_name_settlement:bel_reg_gallaecia_astorga2130450427"	"Αστόργκα"	"True"
"start_pos_settlements_onscreen_name_settlement:att_reg_gallaecia_asturica2130447682"	"Αστρουρίκα"	"True"
"start_pos_settlements_onscreen_name_settlement:att_reg_gallaecia_asturica2130449263"	"Αστρουρίκα"	"True"
"start_pos_settlements_onscreen_name_settlement:att_reg_raetia_et_noricum_augusta_vindelicorum2130447754"	"Αυγούστα Βιντελικόρουμ"	"True"
"start_pos_settlements_onscreen_name_settlement:att_reg_raetia_et_noricum_augusta_vindelicorum2130449676"	"Αυγούστα Βιντελικόρουμ"	"True"
"start_pos_settlements_onscreen_name_settlement:bel_reg_mauretania_tingitana_anfa2130450358"	"Αΰφα"	"True"
"start_pos_settlements_onscreen_name_settlement:bel_reg_burgundy_valentia2130450574"	"Βαλέντια"	"True"
"start_pos_settlements_onscreen_name_settlement:bel_reg_tarraconensis_valentia2130450456"	"Βαλέντια"	"True"
"start_pos_settlements_onscreen_name_settlement:att_reg_aegyptus_berenice2130447614"	"Βερενίκη"	"True"
"start_pos_settlements_onscreen_name_settlement:att_reg_aegyptus_berenice2130448878"	"Βερενίκη"	"True"
"start_pos_settlements_onscreen_name_settlement:bel_reg_venetia_et_histria_verona:verona2130450300"	"Βερόνα"	"True"
"start_pos_settlements_onscreen_name_settlement:att_reg_venetia_verona2130447792"	"Βερόνα"	"True"
"start_pos_settlements_onscreen_name_settlement:att_reg_venetia_verona2130449878"	"Βερόνα"	"True"
"start_pos_settlements_onscreen_name_settlement:att_reg_maxima_sequanorum_vesontio2130447732"	"Βεσόντιο"	"True"
"start_pos_settlements_onscreen_name_settlement:att_reg_maxima_sequanorum_vesontio2130449539"	"Βεσόντιο"	"True"
"start_pos_settlements_onscreen_name_settlement:bel_reg_burgundy_vienne2130450566"	"Βιέννη"	"True"
"start_pos_settlements_onscreen_name_settlement:att_reg_narbonensis_vienna2130447738"	"Βιέννη"	"True"
"start_pos_settlements_onscreen_name_settlement:att_reg_narbonensis_vienna2130449575"	"Βιέννη"	"True"
"start_pos_settlements_onscreen_name_settlement:att_reg_dardania_viminacium2130447678"	"Βιμινάκιουμ"	"True"
"start_pos_settlements_onscreen_name_settlement:att_reg_dardania_viminacium2130449248"	"Βιμινάκιουμ"	"True"
"start_pos_settlements_onscreen_name_settlement:att_reg_raetia_et_noricum_virunum2130447756"	"Βιρούνουμ"	"True"
"start_pos_settlements_onscreen_name_settlement:att_reg_raetia_et_noricum_virunum2130449680"	"Βιρούνουμ"	"True"
"start_pos_settlements_onscreen_name_settlement:att_reg_hercynia_budorgis2130447694"	"Βουργοδίς"	"True"
"start_pos_settlements_onscreen_name_settlement:att_reg_hercynia_budorgis2130449321"	"Βουργοδίς"	"True"
"start_pos_settlements_onscreen_name_settlement:att_reg_gallaecia_brigantium2130447684"	"Βριγάντιο"	"True"
"start_pos_settlements_onscreen_name_settlement:att_reg_gallaecia_brigantium2130449265"	"Βριγάντιο"	"True"
"start_pos_settlements_onscreen_name_settlement:bel_reg_gallaecia_brigantium2130450437"	"Βριγάντιον"	"True"
"start_pos_settlements_onscreen_name_settlement:bel_reg_baetica_gades2130450369"	"Γαδείρα"	"True"
"start_pos_settlements_onscreen_name_settlement:att_reg_media_atropatene_ganzaga2130447734"	"Γανζάγα"	"True"
"start_pos_settlements_onscreen_name_settlement:att_reg_media_atropatene_ganzaga2130449546"	"Γανζάγα"	"True"
"start_pos_settlements_onscreen_name_settlement:att_reg_phazania_garama2130447753"	"Γαράμα"	"True"
"start_pos_settlements_onscreen_name_settlement:att_reg_phazania_garama2130449666"	"Γαράμα"	"True"
"start_pos_settlements_onscreen_name_settlement:att_reg_sarmatia_europaea_gelonus2130447761"	"Γελόνους"	"True"
"start_pos_settlements_onscreen_name_settlement:att_reg_sarmatia_europaea_gelonus2130449700"	"Γελόνους"	"True"
"start_pos_settlements_onscreen_name_settlement:bel_reg_liguria_genua:genua2130450130"	"Γένοβα"	"True"
"start_pos_settlements_onscreen_name_settlement:att_reg_liguria_genua2130447709"	"Γένοβα"	"True"
"start_pos_settlements_onscreen_name_settlement:att_reg_liguria_genua2130449401"	"Γένοβα"	"True"
"start_pos_settlements_onscreen_name_settlement:att_reg_arabia_magna_yathrib2130447630"	"Γιαθρίμπ"	"True"
"start_pos_settlements_onscreen_name_settlement:att_reg_arabia_magna_yathrib2130448962"	"Γιαθρίμπ"	"True"
"start_pos_settlements_onscreen_name_settlement:att_reg_gothiscandza_gothiscandza2130447692"	"Γοθισκάνζα"	"True"
"start_pos_settlements_onscreen_name_settlement:att_reg_gothiscandza_gothiscandza2130449309"	"Γοθισκάνζα"	"True"
"start_pos_settlements_onscreen_name_settlement:att_reg_mediterraneus_orientalis_gortyna2130447816"	"Γορτύνα"	"True"
"start_pos_settlements_onscreen_name_settlement:att_reg_mediterraneus_orientalis_gortyna2130449894"	"Γορτύνα"	"True"
"start_pos_settlements_onscreen_name_settlement:att_reg_dalmatia_domavia2130447673"	"Δομάβια"	"True"
"start_pos_settlements_onscreen_name_settlement:att_reg_dalmatia_domavia2130449223"	"Δομάβια"	"True"
"start_pos_settlements_onscreen_name_settlement:att_reg_arabia_magna_dumatha2130447628"	"Δουμάθα"	"True"
"start_pos_settlements_onscreen_name_settlement:att_reg_arabia_magna_dumatha2130448950"	"Δουμάθα"	"True"
"start_pos_settlements_onscreen_name_settlement:att_reg_germano_sarmatia_duna2130447688"	"Δούνα"	"True"
"start_pos_settlements_onscreen_name_settlement:att_reg_germano_sarmatia_duna2130449288"	"Δούνα"	"True"
"start_pos_settlements_onscreen_name_settlement:att_reg_belgica_durocorterum2130447645"	"Δουροκορτόρουμ"	"True"
"start_pos_settlements_onscreen_name_settlement:att_reg_belgica_durocorterum2130449058"	"Δουροκορτόρουμ"	"True"
"start_pos_settlements_onscreen_name_settlement:att_reg_macedonia_dyrrhachium2130447719"	"Δυρράχειο"	"True"
"start_pos_settlements_onscreen_name_settlement:att_reg_macedonia_dyrrhachium2130449457"	"Δυρράχειο"	"True"
"start_pos_settlements_onscreen_name_settlement:bel_reg_epirus_nova_dyrrachium:dyrrachium2130450074"	"Δυρράχιο"	"True"
"start_pos_settlements_onscreen_name_settlement:att_reg_caledonia_et_hibernia_eblana2130447655"	"Έβλανα"	"True"
"start_pos_settlements_onscreen_name_settlement:att_reg_caledonia_et_hibernia_eblana2130449112"	"Έβλανα"	"True"
"start_pos_settlements_onscreen_name_settlement:att_reg_britannia_inferior_eboracum2130447649"	"Εβοράκον"	"True"
"start_pos_settlements_onscreen_name_settlement:att_reg_britannia_inferior_eboracum2130449077"	"Εβοράκον"	"True"
"start_pos_settlements_onscreen_name_settlement:att_reg_osroene_edessa2130447740"	"Έδεσσα"	"True"
"start_pos_settlements_onscreen_name_settlement:att_reg_osroene_edessa2130449591"	"Έδεσσα"	"True"
"start_pos_settlements_onscreen_name_settlement:att_reg_media_atropatene_ecbatana2130447733"	"Εκβάτανα"	"True"
"start_pos_settlements_onscreen_name_settlement:att_reg_media_atropatene_ecbatana2130449542"	"Εκβάτανα"	"True"
"start_pos_settlements_onscreen_name_settlement:bel_reg_septimania_elne2130450486"	"Έλνε"	"True"
"start_pos_settlements_onscreen_name_settlement:att_reg_aquitania_elusa2130447624"	"Ελούσα"	"True"
"start_pos_settlements_onscreen_name_settlement:att_reg_aquitania_elusa2130448923"	"Ελούσα"	"True"
"start_pos_settlements_onscreen_name_settlement:bel_reg_lusitania_emerita2130450379"	"Εμερίτα"	"True"
"start_pos_settlements_onscreen_name_settlement:att_reg_lusitania_emerita_augusta2130447715"	"Εμερίτα Αυγουστιανή"	"True"
"start_pos_settlements_onscreen_name_settlement:att_reg_lusitania_emerita_augusta2130449431"	"Εμερίτα Αυγουστιανή"	"True"
"start_pos_settlements_onscreen_name_settlement:att_reg_syria_emesa2130447773"	"Εμέσα"	"True"
"start_pos_settlements_onscreen_name_settlement:att_reg_syria_emesa2130449756"	"Εμέσα"	"True"
"start_pos_settlements_onscreen_name_settlement:bel_reg_praeualitana_epidaurum:epidaurum2130450203"	"Επίδαυρος"	"True"
"start_pos_settlements_onscreen_name_settlement:att_reg_arabia_felix_eudaemon2130447625"	"Ευδαίμων"	"True"
"start_pos_settlements_onscreen_name_settlement:att_reg_arabia_felix_eudaemon2130448932"	"Ευδαίμων"	"True"
"start_pos_settlements_onscreen_name_settlement:att_reg_asia_ephesus2130447635"	"Έφεσος"	"True"
"start_pos_settlements_onscreen_name_settlement:att_reg_asia_ephesus2130448986"	"Έφεσος"	"True"
"start_pos_settlements_onscreen_name_settlement:att_reg_arabia_felix_zafar2130447627"	"Ζαφάρ"	"True"
"start_pos_settlements_onscreen_name_settlement:att_reg_arabia_felix_zafar2130448948"	"Ζαφάρ"	"True"
"start_pos_settlements_onscreen_name_settlement:att_reg_caledonia_et_hibernia_eildon2130447656"	"Ήλδον"	"True"
"start_pos_settlements_onscreen_name_settlement:att_reg_caledonia_et_hibernia_eildon2130449116"	"Ήλδον"	"True"
"start_pos_settlements_onscreen_name_settlement:att_reg_macedonia_thessalonica2130447720"	"Θεσσαλονίκη"	"True"
"start_pos_settlements_onscreen_name_settlement:att_reg_macedonia_thessalonica2130449465"	"Θεσσαλονίκη"	"True"
"start_pos_settlements_onscreen_name_settlement:bel_reg_lucania_et_brutii_thurii:thurii2130450158"	"Θούριοι"	"True"
"start_pos_settlements_onscreen_name_settlement:att_reg_cilicia_iconium2130447667"	"Ικόνιο"	"True"
"start_pos_settlements_onscreen_name_settlement:att_reg_cilicia_iconium2130449180"	"Ικόνιο"	"True"
"start_pos_settlements_onscreen_name_settlement:att_reg_raetia_et_noricum_iuvavum2130447755"	"Ιουβάβουμ"	"True"
"start_pos_settlements_onscreen_name_settlement:att_reg_raetia_et_noricum_iuvavum2130449678"	"Ιουβάβουμ"	"True"
"start_pos_settlements_onscreen_name_settlement:att_reg_arabia_magna_hira2130447629"	"Ίρα"	"True"
"start_pos_settlements_onscreen_name_settlement:att_reg_arabia_magna_hira2130448956"	"Ίρα"	"True"
"start_pos_settlements_onscreen_name_settlement:att_reg_spahan_issatis2130447769"	"Ισατίς"	"True"
"start_pos_settlements_onscreen_name_settlement:att_reg_spahan_issatis2130449736"	"Ισατίς"	"True"
"start_pos_settlements_onscreen_name_settlement:bel_reg_baetica_hispalis2130450366"	"Ίσπαλις"	"True"
"start_pos_settlements_onscreen_name_settlement:att_reg_baetica_hispalis2130447641"	"Ίσπαλις"	"True"
"start_pos_settlements_onscreen_name_settlement:att_reg_baetica_hispalis2130449022"	"Ίσπαλις"	"True"
"start_pos_settlements_onscreen_name_settlement:att_reg_spahan_spahan2130447770"	"Ισπαχάν"	"True"
"start_pos_settlements_onscreen_name_settlement:att_reg_spahan_spahan2130449742"	"Ισπαχάν"	"True"
"start_pos_settlements_onscreen_name_settlement:att_reg_transcaspia_kath2130447785"	"Καθ"	"True"
"start_pos_settlements_onscreen_name_settlement:att_reg_transcaspia_kath2130449833"	"Καθ"	"True"
"start_pos_settlements_onscreen_name_settlement:att_reg_mauretania_caesarea2130447727"	"Καισάρεια"	"True"
"start_pos_settlements_onscreen_name_settlement:att_reg_mauretania_caesarea2130449508"	"Καισάρεια"	"True"
"start_pos_settlements_onscreen_name_settlement:bel_reg_mauretania_caesariensis_caesarea2130450327"	"Καισάρεια"	"True"
"start_pos_settlements_onscreen_name_settlement:bel_reg_tarraconensis_caesaraugusta2130450457"	"Καισαρεία Αυγουστινιανή"	"True"
"start_pos_settlements_onscreen_name_settlement:att_reg_tarraconensis_caesaraugusta2130447775"	"Καισαρεία Αυγουστινιανή"	"True"
"start_pos_settlements_onscreen_name_settlement:att_reg_tarraconensis_caesaraugusta2130449767"	"Καισαρεία Αυγουστινιανή"	"True"
"start_pos_settlements_onscreen_name_settlement:att_reg_cappadocia_caesarea_eusebia2130447658"	"Καισαρεία Ευσεβή"	"True"
"start_pos_settlements_onscreen_name_settlement:att_reg_cappadocia_caesarea_eusebia2130449126"	"Καισαρεία Ευσεβή"	"True"
"start_pos_settlements_onscreen_name_settlement:att_reg_britannia_superior_camulodunon2130447652"	"Καμουλόδουνον"	"True"
"start_pos_settlements_onscreen_name_settlement:att_reg_britannia_superior_camulodunon2130449096"	"Καμουλόδουνον"	"True"
"start_pos_settlements_onscreen_name_settlement:att_reg_caucasia_gabala2130447664"	"Κάμπαλα"	"True"
"start_pos_settlements_onscreen_name_settlement:att_reg_caucasia_gabala2130449167"	"Κάμπαλα"	"True"
"start_pos_settlements_onscreen_name_settlement:att_reg_mediterraneus_occidentalis_caralis2130447807"	"Καραλίς"	"True"
"start_pos_settlements_onscreen_name_settlement:att_reg_mediterraneus_occidentalis_caralis2130449892"	"Καραλίς"	"True"
"start_pos_settlements_onscreen_name_settlement:bel_reg_sardinia_et_corsica_caralis:caralis2130450215"	"Καραλίς"	"True"
"start_pos_settlements_onscreen_name_settlement:att_reg_hyperborea_kariskos2130447697"	"Καρίσκος"	"True"
"start_pos_settlements_onscreen_name_settlement:att_reg_hyperborea_kariskos2130449335"	"Καρίσκος"	"True"
"start_pos_settlements_onscreen_name_settlement:att_reg_africa_carthago2130447619"	"Καρχηδόνα"	"True"
"start_pos_settlements_onscreen_name_settlement:att_reg_africa_carthago2130448900"	"Καρχηδόνα"	"True"
"start_pos_settlements_onscreen_name_settlement:bel_reg_africa_proconsularis_carthago:carthago2130449936"	"Καρχηδόνα"	"True"
"start_pos_settlements_onscreen_name_settlement:att_reg_hercynia_casurgis2130447695"	"Κασουργίς"	"True"
"start_pos_settlements_onscreen_name_settlement:att_reg_hercynia_casurgis2130449326"	"Κασουργίς"	"True"
"start_pos_settlements_onscreen_name_settlement:att_reg_belgica_colonia_agrippina2130447644"	"Κολόνια Αγριπίνα"	"True"
"start_pos_settlements_onscreen_name_settlement:att_reg_belgica_colonia_agrippina2130449048"	"Κολόνια Αγριπίνα"	"True"
"start_pos_settlements_onscreen_name_settlement:att_reg_baetica_corduba2130447640"	"Κόρδοβα"	"True"
"start_pos_settlements_onscreen_name_settlement:att_reg_baetica_corduba2130449021"	"Κόρδοβα"	"True"
"start_pos_settlements_onscreen_name_settlement:att_reg_macedonia_corinthus2130447718"	"Κόρινθος"	"True"
"start_pos_settlements_onscreen_name_settlement:att_reg_macedonia_corinthus2130449449"	"Κόρινθος"	"True"
"start_pos_settlements_onscreen_name_settlement:att_reg_britannia_superior_corinium2130447653"	"Κορίνιουμ"	"True"
"start_pos_settlements_onscreen_name_settlement:att_reg_britannia_superior_corinium2130449101"	"Κορίνιουμ"	"True"
"start_pos_settlements_onscreen_name_settlement:bel_reg_campania_et_samnium_corfinium:corfinium2130450006"	"Κορφίνιον"	"True"
"start_pos_settlements_onscreen_name_settlement:bel_reg_italia_cosa:cosa2130450102"	"Κόσα"	"True"
"start_pos_settlements_onscreen_name_settlement:att_reg_caucasia_kotais2130447665"	"Κουτάισι"	"True"
"start_pos_settlements_onscreen_name_settlement:att_reg_caucasia_kotais2130449172"	"Κουτάισι"	"True"
"start_pos_settlements_onscreen_name_settlement:bel_reg_lucania_et_brutii_crotona:crotona2130450142"	"Κρότωνας"	"True"
"start_pos_settlements_onscreen_name_settlement:att_reg_asorstan_ctesiphon2130447638"	"Κτησιφών"	"True"
"start_pos_settlements_onscreen_name_settlement:att_reg_asorstan_ctesiphon2130449006"	"Κτησιφών"	"True"
"start_pos_settlements_onscreen_name_settlement:att_reg_phazania_cydamus2130447751"	"Κύδαμος"	"True"
"start_pos_settlements_onscreen_name_settlement:att_reg_phazania_cydamus2130449653"	"Κύδαμος"	"True"
"start_pos_settlements_onscreen_name_settlement:att_reg_asia_cyzicus2130447634"	"Κύζικος"	"True"
"start_pos_settlements_onscreen_name_settlement:att_reg_asia_cyzicus2130448980"	"Κύζικος"	"True"
"start_pos_settlements_onscreen_name_settlement:att_reg_mediterraneus_orientalis_constantia2130447825"	"Κωνστάντια"	"True"
"start_pos_settlements_onscreen_name_settlement:att_reg_mediterraneus_orientalis_constantia2130449898"	"Κωνστάντια"	"True"
"start_pos_settlements_onscreen_name_settlement:att_reg_africa_constantina2130447620"	"Κωνσταντίνα"	"True"
"start_pos_settlements_onscreen_name_settlement:att_reg_africa_constantina2130448906"	"Κωνσταντίνα"	"True"
"start_pos_settlements_onscreen_name_settlement:att_reg_thracia_constantinopolis2130447778"	"Κωνσταντινούπολη"	"True"
"start_pos_settlements_onscreen_name_settlement:att_reg_thracia_constantinopolis2130449791"	"Κωνσταντινούπολη"	"True"
"start_pos_settlements_onscreen_name_settlement:bel_reg_aquitaine_lemonum2130450500"	"Λεμόνουμ"	"True"
"start_pos_settlements_onscreen_name_settlement:att_reg_transcarpathia_leopolis2130447783"	"Λεόπολις"	"True"
"start_pos_settlements_onscreen_name_settlement:att_reg_transcarpathia_leopolis2130449819"	"Λεόπολις"	"True"
"start_pos_settlements_onscreen_name_settlement:bel_reg_carthaginensis_libisosa2130450400"	"Λιβισώσα"	"True"
"start_pos_settlements_onscreen_name_settlement:att_reg_britannia_inferior_lindum2130447650"	"Λίνδον"	"True"
"start_pos_settlements_onscreen_name_settlement:att_reg_britannia_inferior_lindum2130449084"	"Λίνδον"	"True"
"start_pos_settlements_onscreen_name_settlement:bel_reg_praeualitana_lissus:lissus2130450206"	"Λισσός"	"True"
"start_pos_settlements_onscreen_name_settlement:att_reg_britannia_superior_londinium2130447654"	"Λονδίνο"	"True"
"start_pos_settlements_onscreen_name_settlement:att_reg_britannia_superior_londinium2130449105"	"Λονδίνο"	"True"
"start_pos_settlements_onscreen_name_settlement:att_reg_lugdunensis_lugdunum2130447712"	"Λουγδούνουμ"	"True"
"start_pos_settlements_onscreen_name_settlement:att_reg_lugdunensis_lugdunum2130449421"	"Λουγδούνουμ"	"True"
"start_pos_settlements_onscreen_name_settlement:att_reg_germania_lupfurdum2130447686"	"Λουπφούδουμ"	"True"
"start_pos_settlements_onscreen_name_settlement:att_reg_germania_lupfurdum2130449277"	"Λουπφούδουμ"	"True"
"start_pos_settlements_onscreen_name_settlement:att_reg_tripolitana_macomades2130447788"	"Μακομάδης"	"True"
"start_pos_settlements_onscreen_name_settlement:att_reg_tripolitana_macomades2130449851"	"Μακομάδης"	"True"
"start_pos_settlements_onscreen_name_settlement:bel_reg_baetica_malaca2130450372"	"Μαλάκα"	"True"
"start_pos_settlements_onscreen_name_settlement:att_reg_baetica_malaca2130447642"	"Μαλάκα"	"True"
"start_pos_settlements_onscreen_name_settlement:att_reg_baetica_malaca2130449030"	"Μαλάκα"	"True"
"start_pos_settlements_onscreen_name_settlement:att_reg_cappadocia_melitene2130447659"	"Μαλάτεια"	"True"
"start_pos_settlements_onscreen_name_settlement:att_reg_cappadocia_melitene2130449130"	"Μαλάτεια"	"True"
"start_pos_settlements_onscreen_name_settlement:att_reg_thracia_marcianopolis2130447779"	"Μαρκιανάπολις"	"True"
"start_pos_settlements_onscreen_name_settlement:att_reg_thracia_marcianopolis2130449800"	"Μαρκιανάπολις"	"True"
"start_pos_settlements_onscreen_name_settlement:bel_reg_provence_massilia2130450581"	"Μασσαλία"	"True"
"start_pos_settlements_onscreen_name_settlement:att_reg_tripolitana_leptis_magna2130447787"	"Μεγάλη Λέπτις"	"True"
"start_pos_settlements_onscreen_name_settlement:att_reg_tripolitana_leptis_magna2130449845"	"Μεγάλη Λέπτις"	"True"
"start_pos_settlements_onscreen_name_settlement:bel_reg_liguria_mediolanum:mediolanum2130450137"	"Μεδιόλανα"	"True"
"start_pos_settlements_onscreen_name_settlement:att_reg_liguria_mediolanum2130447710"	"Μεδιόλανα"	"True"
"start_pos_settlements_onscreen_name_settlement:att_reg_liguria_mediolanum2130449410"	"Μεδιόλανα"	"True"
"start_pos_settlements_onscreen_name_settlement:att_reg_khwarasan_merv2130447705"	"Μερβ"	"True"
"start_pos_settlements_onscreen_name_settlement:att_reg_khwarasan_merv2130449379"	"Μερβ"	"True"
"start_pos_settlements_onscreen_name_settlement:att_reg_asorstan_meshan2130447639"	"Μεσάβ"	"True"
"start_pos_settlements_onscreen_name_settlement:att_reg_asorstan_meshan2130449012"	"Μεσάβ"	"True"
"start_pos_settlements_onscreen_name_settlement:att_reg_hyperborea_moramar2130447698"	"Μοραμάρ"	"True"
"start_pos_settlements_onscreen_name_settlement:att_reg_hyperborea_moramar2130449345"	"Μοραμάρ"	"True"
"start_pos_settlements_onscreen_name_settlement:att_reg_transcarpathia_belz2130447782"	"Μπελζ"	"True"
"start_pos_settlements_onscreen_name_settlement:att_reg_transcarpathia_belz2130449816"	"Μπελζ"	"True"
"start_pos_settlements_onscreen_name_settlement:bel_reg_campania_et_samnium_beneventum:beneventum2130450002"	"Μπενεβέντο"	"True"
"start_pos_settlements_onscreen_name_settlement:att_reg_persis_behdeshir2130447748"	"Μπεντεσίρ"	"True"
"start_pos_settlements_onscreen_name_settlement:att_reg_persis_behdeshir2130449631"	"Μπεντεσίρ"	"True"
"start_pos_settlements_onscreen_name_settlement:att_reg_scythia_bolghar2130447766"	"Μπόλγκαρ"	"True"
"start_pos_settlements_onscreen_name_settlement:att_reg_scythia_bolghar2130449720"	"Μπόλγκαρ"	"True"
"start_pos_settlements_onscreen_name_settlement:bel_reg_novempopulania_burdigala2130450475"	"Μπουρδίγαλα"	"True"
"start_pos_settlements_onscreen_name_settlement:att_reg_aquitania_burdigala2130447623"	"Μπουρντιγκάλα"	"True"
"start_pos_settlements_onscreen_name_settlement:att_reg_aquitania_burdigala2130448914"	"Μπουρντιγκάλα"	"True"
"start_pos_settlements_onscreen_name_settlement:bel_reg_gallaecia_bracara2130450426"	"Μπρακάρα"	"True"
"start_pos_settlements_onscreen_name_settlement:att_reg_gallaecia_bracara2130447683"	"Μπρακάρα"	"True"
"start_pos_settlements_onscreen_name_settlement:att_reg_gallaecia_bracara2130449264"	"Μπρακάρα"	"True"
"start_pos_settlements_onscreen_name_settlement:att_reg_caucasia_mtskheta2130447666"	"Μσέτα"	"True"
"start_pos_settlements_onscreen_name_settlement:att_reg_caucasia_mtskheta2130449175"	"Μσέτα"	"True"
"start_pos_settlements_onscreen_name_settlement:att_reg_cilicia_myra2130447668"	"Μύρα"	"True"
"start_pos_settlements_onscreen_name_settlement:att_reg_cilicia_myra2130449185"	"Μύρα"	"True"
"start_pos_settlements_onscreen_name_settlement:att_reg_narbonensis_narbo2130447737"	"Ναρμπό"	"True"
"start_pos_settlements_onscreen_name_settlement:att_reg_narbonensis_narbo2130449569"	"Ναρμπό"	"True"
"start_pos_settlements_onscreen_name_settlement:bel_reg_dalmatia_narona:narona2130450042"	"Ναρώνα"	"True"
"start_pos_settlements_onscreen_name_settlement:bel_reg_carthaginensis_carthago_nova2130450388"	"Νέα Καρθαγένη"	"True"
"start_pos_settlements_onscreen_name_settlement:att_reg_carthaginensis_carthago_nova2130447661"	"Νέα Πόλη"	"True"
"start_pos_settlements_onscreen_name_settlement:att_reg_carthaginensis_carthago_nova2130449146"	"Νέα Πόλη"	"True"
"start_pos_settlements_onscreen_name_settlement:bel_reg_campania_et_samnium_neapolis:neapolis2130450015"	"Νεάπολις"	"True"
"start_pos_settlements_onscreen_name_settlement:att_reg_italia_neapolis2130447701"	"Νεάπολις"	"True"
"start_pos_settlements_onscreen_name_settlement:att_reg_italia_neapolis2130449354"	"Νεάπολις"	"True"
"start_pos_settlements_onscreen_name_settlement:att_reg_hercynia_nitrahwa2130447696"	"Νιθράβα"	"True"
"start_pos_settlements_onscreen_name_settlement:att_reg_hercynia_nitrahwa2130449332"	"Νιθράβα"	"True"
"start_pos_settlements_onscreen_name_settlement:bel_reg_provence_nikaia2130450586"	"Νίκαια"	"True"
"start_pos_settlements_onscreen_name_settlement:att_reg_bithynia_nicomedia2130447648"	"Νικομήδεια"	"True"
"start_pos_settlements_onscreen_name_settlement:att_reg_bithynia_nicomedia2130449075"	"Νικομήδεια"	"True"
"start_pos_settlements_onscreen_name_settlement:bel_reg_epirus_nova_nicopolis:nicopolis2130450055"	"Νικόπολη"	"True"
"start_pos_settlements_onscreen_name_settlement:bel_reg_septimania_nimes2130450496"	"Νίμ"	"True"
"start_pos_settlements_onscreen_name_settlement:att_reg_osroene_nisibis2130447741"	"Νισίβις"	"True"
"start_pos_settlements_onscreen_name_settlement:att_reg_osroene_nisibis2130449597"	"Νισίβις"	"True"
"start_pos_settlements_onscreen_name_settlement:att_reg_palaestinea_nova_trajana_bostra2130447744"	"Νόβα Τραζάνα Βόστρα"	"True"
"start_pos_settlements_onscreen_name_settlement:att_reg_palaestinea_nova_trajana_bostra2130449613"	"Νόβα Τραζάνα Βόστρα"	"True"
"start_pos_settlements_onscreen_name_settlement:att_reg_transcaspia_dahistan2130447784"	"Νταχιστάν"	"True"
"start_pos_settlements_onscreen_name_settlement:att_reg_transcaspia_dahistan2130449826"	"Νταχιστάν"	"True"
"start_pos_settlements_onscreen_name_settlement:att_reg_phazania_dimmidi2130447752"	"Ντιμίντι"	"True"
"start_pos_settlements_onscreen_name_settlement:att_reg_phazania_dimmidi2130449661"	"Ντιμίντι"	"True"
"start_pos_settlements_onscreen_name_settlement:att_reg_armenia_duin2130447631"	"Ντουίν"	"True"
"start_pos_settlements_onscreen_name_settlement:att_reg_armenia_duin2130448965"	"Ντουίν"	"True"
"start_pos_settlements_onscreen_name_settlement:att_reg_germano_sarmatia_oium2130447689"	"Οίουμ"	"True"
"start_pos_settlements_onscreen_name_settlement:att_reg_germano_sarmatia_oium2130449290"	"Οίουμ"	"True"
"start_pos_settlements_onscreen_name_settlement:att_reg_maxima_sequanorum_octodurus2130447731"	"Οκτόντουρουμ"	"True"
"start_pos_settlements_onscreen_name_settlement:att_reg_maxima_sequanorum_octodurus2130449530"	"Οκτόντουρουμ"	"True"
"start_pos_settlements_onscreen_name_settlement:att_reg_sarmatia_europaea_olbia2130447762"	"Όλβια"	"True"
"start_pos_settlements_onscreen_name_settlement:att_reg_sarmatia_europaea_olbia2130449702"	"Όλβια"	"True"
"start_pos_settlements_onscreen_name_settlement:att_reg_lusitania_olisipo2130447716"	"Ολίσιπο"	"True"
"start_pos_settlements_onscreen_name_settlement:att_reg_lusitania_olisipo2130449437"	"Ολίσιπο"	"True"
"start_pos_settlements_onscreen_name_settlement:bel_reg_lusitania_olissipo2130450380"	"Ολίσσιπο"	"True"
"start_pos_settlements_onscreen_name_settlement:att_reg_arabia_felix_omana2130447626"	"Ομάνα"	"True"
"start_pos_settlements_onscreen_name_settlement:att_reg_arabia_felix_omana2130448941"	"Ομάνα"	"True"
"start_pos_settlements_onscreen_name_settlement:att_reg_aegyptus_oxyrhynchus2130447615"	"Οξύρρυγχος"	"True"
"start_pos_settlements_onscreen_name_settlement:att_reg_aegyptus_oxyrhynchus2130448882"	"Οξύρρυγχος"	"True"
"start_pos_settlements_onscreen_name_settlement:att_reg_germania_uburzis2130447687"	"Ουμπουρζίς"	"True"
"start_pos_settlements_onscreen_name_settlement:att_reg_germania_uburzis2130449281"	"Ουμπουρζίς"	"True"
"start_pos_settlements_onscreen_name_settlement:att_reg_armenia_payttakaran2130447632"	"Παϊκαταράν"	"True"
"start_pos_settlements_onscreen_name_settlement:att_reg_armenia_payttakaran2130448973"	"Παϊκαταράν"	"True"
"start_pos_settlements_onscreen_name_settlement:att_reg_mediterraneus_occidentalis_palma2130447838"	"Πάλμα"	"True"
"start_pos_settlements_onscreen_name_settlement:att_reg_mediterraneus_occidentalis_palma2130449908"	"Πάλμα"	"True"
"start_pos_settlements_onscreen_name_settlement:att_reg_germano_sarmatia_palteskja2130447690"	"Παλτέσκα"	"True"
"start_pos_settlements_onscreen_name_settlement:att_reg_germano_sarmatia_palteskja2130449293"	"Παλτέσκα"	"True"
"start_pos_settlements_onscreen_name_settlement:bel_reg_sicilia_panormus:panormus2130450235"	"Πάνορμος"	"True"
"start_pos_settlements_onscreen_name_settlement:att_reg_lusitania_pax_augusta2130447717"	"Παξ Αυγουστινιανή"	"True"
"start_pos_settlements_onscreen_name_settlement:att_reg_lusitania_pax_augusta2130449446"	"Παξ Αυγουστινιανή"	"True"
"start_pos_settlements_onscreen_name_settlement:att_reg_libya_paraetonium2130447707"	"Παραετόνιουμ"	"True"
"start_pos_settlements_onscreen_name_settlement:att_reg_libya_paraetonium2130449397"	"Παραετόνιουμ"	"True"
"start_pos_settlements_onscreen_name_settlement:bel_reg_neustria_paris2130450516"	"Παρίσις"	"True"
"start_pos_settlements_onscreen_name_settlement:bel_reg_venetia_et_histria_patavium:patavium2130450290"	"Πατάβιο"	"True"
"start_pos_settlements_onscreen_name_settlement:att_reg_aethiopia_pachoras2130447618"	"Παχώρας"	"True"
"start_pos_settlements_onscreen_name_settlement:att_reg_aethiopia_pachoras2130448898"	"Παχώρας"	"True"
"start_pos_settlements_onscreen_name_settlement:att_reg_dacia_petrodava2130447671"	"Πετρόδαυα"	"True"
"start_pos_settlements_onscreen_name_settlement:att_reg_dacia_petrodava2130449207"	"Πετρόδαυα"	"True"
"start_pos_settlements_onscreen_name_settlement:bel_reg_tuscia_et_umbria_pisae:pisae2130450282"	"Πίσα"	"True"
"start_pos_settlements_onscreen_name_settlement:bel_reg_flaminia_et_picenum_pisaurum:pisaurum2130450086"	"Πισαύριον"	"True"
"start_pos_settlements_onscreen_name_settlement:bel_reg_cantabria_pompaelo2130450448"	"Πομπάλεο"	"True"
"start_pos_settlements_onscreen_name_settlement:att_reg_tarraconensis_pompaelo2130447776"	"Πομπάλεο"	"True"
"start_pos_settlements_onscreen_name_settlement:att_reg_tarraconensis_pompaelo2130449774"	"Πομπάλεο"	"True"
"start_pos_settlements_onscreen_name_settlement:att_reg_makran_pura2130447726"	"Πούρα"	"True"
"start_pos_settlements_onscreen_name_settlement:att_reg_makran_pura2130449501"	"Πούρα"	"True"
"start_pos_settlements_onscreen_name_settlement:att_reg_makran_phra2130447725"	"Πρα"	"True"
"start_pos_settlements_onscreen_name_settlement:att_reg_makran_phra2130449499"	"Πρα"	"True"
"start_pos_settlements_onscreen_name_settlement:att_reg_libya_ptolemais2130447708"	"Πτολεμαΐς"	"True"
"start_pos_settlements_onscreen_name_settlement:att_reg_libya_ptolemais2130449399"	"Πτολεμαΐς"	"True"
"start_pos_settlements_onscreen_name_settlement:bel_reg_flaminia_et_picenum_ravenna:ravenna2130450093"	"Ραβέννα"	"True"
"start_pos_settlements_onscreen_name_settlement:att_reg_venetia_ravenna2130447791"	"Ραβέννα"	"True"
"start_pos_settlements_onscreen_name_settlement:att_reg_venetia_ravenna2130449874"	"Ραβέννα"	"True"
"start_pos_settlements_onscreen_name_settlement:att_reg_media_atropatene_rhaga2130447735"	"Ράγα"	"True"
"start_pos_settlements_onscreen_name_settlement:att_reg_media_atropatene_rhaga2130449550"	"Ράγα"	"True"
"start_pos_settlements_onscreen_name_settlement:att_reg_scythia_ra2130447767"	"Ράχα"	"True"
"start_pos_settlements_onscreen_name_settlement:att_reg_scythia_ra2130449726"	"Ράχα"	"True"
"start_pos_settlements_onscreen_name_settlement:att_reg_scandza_hrefnesholt2130447765"	"Ρεφνεσόλ"	"True"
"start_pos_settlements_onscreen_name_settlement:att_reg_scandza_hrefnesholt2130449712"	"Ρεφνεσόλ"	"True"
"start_pos_settlements_onscreen_name_settlement:bel_reg_lucania_et_brutii_rhegium:rhegium2130450151"	"Ρήγιον"	"True"
"start_pos_settlements_onscreen_name_settlement:att_reg_magna_graecia_rhegium2130447721"	"Ρήγιον"	"True"
"start_pos_settlements_onscreen_name_settlement:att_reg_magna_graecia_rhegium2130449475"	"Ρήγιον"	"True"
"start_pos_settlements_onscreen_name_settlement:att_reg_mediterraneus_orientalis_rhodes2130447830"	"Ρόδος"	"True"
"start_pos_settlements_onscreen_name_settlement:att_reg_mediterraneus_orientalis_rhodes2130449899"	"Ρόδος"	"True"
"start_pos_settlements_onscreen_name_settlement:att_reg_lugdunensis_rotomagus2130447713"	"Ροτομάγους"	"True"
"start_pos_settlements_onscreen_name_settlement:att_reg_lugdunensis_rotomagus2130449424"	"Ροτομάγους"	"True"
"start_pos_settlements_onscreen_name_settlement:att_reg_gothiscandza_rugion2130447693"	"Ρουγιόν"	"True"
"start_pos_settlements_onscreen_name_settlement:att_reg_gothiscandza_rugion2130449315"	"Ρουγιόν"	"True"
"start_pos_settlements_onscreen_name_settlement:bel_reg_italia_roma:roma2130450114"	"Ρώμη"	"True"
"start_pos_settlements_onscreen_name_settlement:att_reg_italia_roma2130447702"	"Ρώμη"	"True"
"start_pos_settlements_onscreen_name_settlement:att_reg_italia_roma2130449360"	"Ρώμη"	"True"
"start_pos_settlements_onscreen_name_settlement:att_reg_dacia_romula2130447672"	"Ρωμούλα"	"True"
"start_pos_settlements_onscreen_name_settlement:att_reg_dacia_romula2130449214"	"Ρωμούλα"	"True"
"start_pos_settlements_onscreen_name_settlement:att_reg_pannonia_savaria2130447745"	"Σαβαρία"	"True"
"start_pos_settlements_onscreen_name_settlement:att_reg_pannonia_savaria2130449614"	"Σαβαρία"	"True"
"start_pos_settlements_onscreen_name_settlement:bel_reg_dalmatia_salona:salona2130450052"	"Σαλώνα"	"True"
"start_pos_settlements_onscreen_name_settlement:att_reg_dalmatia_salona2130447674"	"Σαλώνα"	"True"
"start_pos_settlements_onscreen_name_settlement:att_reg_dalmatia_salona2130449228"	"Σαλώνα"	"True"
"start_pos_settlements_onscreen_name_settlement:att_reg_sarmatia_asiatica_samandar2130447758"	"Σαμαντάρ"	"True"
"start_pos_settlements_onscreen_name_settlement:att_reg_sarmatia_asiatica_samandar2130449684"	"Σαμαντάρ"	"True"
"start_pos_settlements_onscreen_name_settlement:att_reg_tripolitana_sabrata2130447789"	"Σαμπράτα"	"True"
"start_pos_settlements_onscreen_name_settlement:att_reg_tripolitana_sabrata2130449856"	"Σαμπράτα"	"True"
"start_pos_settlements_onscreen_name_settlement:att_reg_scythia_sarai2130447768"	"Σαράι"	"True"
"start_pos_settlements_onscreen_name_settlement:att_reg_scythia_sarai2130449730"	"Σαράι"	"True"
"start_pos_settlements_onscreen_name_settlement:bel_reg_celtiberia_segovia2130450421"	"Σεγόβια"	"True"
"start_pos_settlements_onscreen_name_settlement:att_reg_carthaginensis_segobriga2130447662"	"Σεγόβια"	"True"
"start_pos_settlements_onscreen_name_settlement:att_reg_carthaginensis_segobriga2130449154"	"Σεγόβια"	"True"
"start_pos_settlements_onscreen_name_settlement:att_reg_britannia_inferior_segontium2130447651"	"Σεγόντιουμ"	"True"
"start_pos_settlements_onscreen_name_settlement:att_reg_britannia_inferior_segontium2130449086"	"Σεγόντιουμ"	"True"
"start_pos_settlements_onscreen_name_settlement:att_reg_liguria_segusio2130447711"	"Σεγούσιο"	"True"
"start_pos_settlements_onscreen_name_settlement:att_reg_liguria_segusio2130449412"	"Σεγούσιο"	"True"
"start_pos_settlements_onscreen_name_settlement:att_reg_dardania_serdica2130447677"	"Σερδίκα"	"True"
"start_pos_settlements_onscreen_name_settlement:att_reg_dardania_serdica2130449244"	"Σερδίκα"	"True"
"start_pos_settlements_onscreen_name_settlement:att_reg_transcaspia_siahkuh2130447786"	"Σιακούχ"	"True"
"start_pos_settlements_onscreen_name_settlement:att_reg_transcaspia_siahkuh2130449840"	"Σιακούχ"	"True"
"start_pos_settlements_onscreen_name_settlement:att_reg_hyperborea_sylis2130447699"	"Σίλις"	"True"
"start_pos_settlements_onscreen_name_settlement:att_reg_hyperborea_sylis2130449347"	"Σίλις"	"True"
"start_pos_settlements_onscreen_name_settlement:att_reg_bithynia_amasea2130447646"	"Σινώπη"	"True"
"start_pos_settlements_onscreen_name_settlement:att_reg_bithynia_amasea2130449065"	"Σινώπη"	"True"
"start_pos_settlements_onscreen_name_settlement:bel_reg_apulia_et_calabria_sipontum:sipontum2130449959"	"Σιπόντιον"	"True"
"start_pos_settlements_onscreen_name_settlement:att_reg_persis_siraf2130447749"	"Σιράφ"	"True"
"start_pos_settlements_onscreen_name_settlement:att_reg_persis_siraf2130449635"	"Σιράφ"	"True"
"start_pos_settlements_onscreen_name_settlement:att_reg_pannonia_sirmium2130447746"	"Σίρμιον"	"True"
"start_pos_settlements_onscreen_name_settlement:att_reg_pannonia_sirmium2130449615"	"Σίρμιον"	"True"
"start_pos_settlements_onscreen_name_settlement:att_reg_dalmatia_siscia2130447675"	"Σίσακ"	"True"
"start_pos_settlements_onscreen_name_settlement:att_reg_dalmatia_siscia2130449230"	"Σίσακ"	"True"
"start_pos_settlements_onscreen_name_settlement:bel_reg_mauretania_sitifensis_sitifis2130450321"	"Σιτίφης"	"True"
"start_pos_settlements_onscreen_name_settlement:att_reg_dardania_scupi2130447676"	"Σκούπι"	"True"
"start_pos_settlements_onscreen_name_settlement:att_reg_dardania_scupi2130449240"	"Σκούπι"	"True"
"start_pos_settlements_onscreen_name_settlement:att_reg_pannonia_sopianae2130447747"	"Σοπιανή"	"True"
"start_pos_settlements_onscreen_name_settlement:att_reg_pannonia_sopianae2130449622"	"Σοπιανή"	"True"
"start_pos_settlements_onscreen_name_settlement:att_reg_spahan_susa2130447771"	"Σούσα"	"True"
"start_pos_settlements_onscreen_name_settlement:att_reg_spahan_susa2130449744"	"Σούσα"	"True"
"start_pos_settlements_onscreen_name_settlement:bel_reg_picenum_suburbicarium_spoletum:spoletum2130450193"	"Σπολέτο"	"True"
"start_pos_settlements_onscreen_name_settlement:att_reg_persis_stakhr2130447750"	"Στακρ"	"True"
"start_pos_settlements_onscreen_name_settlement:att_reg_persis_stakhr2130449645"	"Στακρ"	"True"
"start_pos_settlements_onscreen_name_settlement:att_reg_asia_synnada2130447636"	"Σύνναδα"	"True"
"start_pos_settlements_onscreen_name_settlement:att_reg_asia_synnada2130448996"	"Σύνναδα"	"True"
"start_pos_settlements_onscreen_name_settlement:bel_reg_sicilia_syracuse:syracuse2130450242"	"Συρακούσες"	"True"
"start_pos_settlements_onscreen_name_settlement:att_reg_magna_graecia_syracusae2130447722"	"Συρακούσες"	"True"
"start_pos_settlements_onscreen_name_settlement:att_reg_magna_graecia_syracusae2130449484"	"Συρακούσες"	"True"
"start_pos_settlements_onscreen_name_settlement:att_reg_mauretania_tamousiga2130447728"	"Ταμουσίγα"	"True"
"start_pos_settlements_onscreen_name_settlement:att_reg_mauretania_tamousiga2130449518"	"Ταμουσίγα"	"True"
"start_pos_settlements_onscreen_name_settlement:att_reg_sarmatia_asiatica_tanais2130447759"	"Τάναϊς"	"True"
"start_pos_settlements_onscreen_name_settlement:att_reg_sarmatia_asiatica_tanais2130449686"	"Τάναϊς"	"True"
"start_pos_settlements_onscreen_name_settlement:att_reg_tarraconensis_tarraco2130447777"	"Ταράκο"	"True"
"start_pos_settlements_onscreen_name_settlement:att_reg_tarraconensis_tarraco2130449782"	"Ταράκο"	"True"
"start_pos_settlements_onscreen_name_settlement:bel_reg_apulia_et_calabria_tarentum:tarentum2130449967"	"Τάραντας"	"True"
"start_pos_settlements_onscreen_name_settlement:att_reg_magna_graecia_tarentum2130447723"	"Τάραντας"	"True"
"start_pos_settlements_onscreen_name_settlement:att_reg_magna_graecia_tarentum2130449486"	"Τάραντας"	"True"
"start_pos_settlements_onscreen_name_settlement:att_reg_cilicia_tarsus2130447669"	"Ταρσός"	"True"
"start_pos_settlements_onscreen_name_settlement:att_reg_cilicia_tarsus2130449192"	"Ταρσός"	"True"
"start_pos_settlements_onscreen_name_settlement:bel_reg_mauretania_sitifensis_cirta2130450325"	"Τζίρτα"	"True"
"start_pos_settlements_onscreen_name_settlement:bel_reg_mauretania_tingitana_tingis2130450350"	"Τινγκίς"	"True"
"start_pos_settlements_onscreen_name_settlement:att_reg_mauretania_tingis2130447729"	"Τινγκίς"	"True"
"start_pos_settlements_onscreen_name_settlement:att_reg_mauretania_tingis2130449522"	"Τινγκίς"	"True"
"start_pos_settlements_onscreen_name_settlement:bel_reg_mauretania_sitifensis_tipasa2130450323"	"Τιπάσα"	"True"
"start_pos_settlements_onscreen_name_settlement:att_reg_carthaginensis_toletum2130447663"	"Τολέδο"	"True"
"start_pos_settlements_onscreen_name_settlement:att_reg_carthaginensis_toletum2130449159"	"Τολέδο"	"True"
"start_pos_settlements_onscreen_name_settlement:bel_reg_celtiberia_tolentum2130450416"	"Τολέντο"	"True"
"start_pos_settlements_onscreen_name_settlement:bel_reg_novempopulania_tolosa2130450472"	"Τολούζη"	"True"
"start_pos_settlements_onscreen_name_settlement:att_reg_armenia_tosp2130447633"	"Τοσπ"	"True"
"start_pos_settlements_onscreen_name_settlement:att_reg_armenia_tosp2130448979"	"Τοσπ"	"True"
"start_pos_settlements_onscreen_name_settlement:att_reg_caledonia_et_hibernia_tuesis2130447657"	"Τουέσις"	"True"
"start_pos_settlements_onscreen_name_settlement:att_reg_caledonia_et_hibernia_tuesis2130449125"	"Τουέσις"	"True"
"start_pos_settlements_onscreen_name_settlement:att_reg_frisia_tulifurdum2130447681"	"Τουλιφούρδουμ"	"True"
"start_pos_settlements_onscreen_name_settlement:att_reg_frisia_tulifurdum2130449260"	"Τουλιφούρδουμ"	"True"
"start_pos_settlements_onscreen_name_settlement:bel_reg_sardinia_et_corsica_turris:turris2130450225"	"Τούρις"	"True"
"start_pos_settlements_onscreen_name_settlement:att_reg_lugdunensis_turonum2130447714"	"Τουρόνουμ"	"True"
"start_pos_settlements_onscreen_name_settlement:att_reg_lugdunensis_turonum2130449427"	"Τουρόνουμ"	"True"
"start_pos_settlements_onscreen_name_settlement:att_reg_cappadocia_trapezus2130447660"	"Τραπεζούντα"	"True"
"start_pos_settlements_onscreen_name_settlement:att_reg_cappadocia_trapezus2130449140"	"Τραπεζούντα"	"True"
"start_pos_settlements_onscreen_name_settlement:att_reg_belgica_augusta_treverorum2130447643"	"Τρεβερόρουμ Αυγουστιανιανό"	"True"
"start_pos_settlements_onscreen_name_settlement:att_reg_belgica_augusta_treverorum2130449039"	"Τρεβερόρουμ Αυγουστιανιανό"	"True"
"start_pos_settlements_onscreen_name_settlement:att_reg_thracia_trimontium2130447780"	"Τριμόντιο"	"True"
"start_pos_settlements_onscreen_name_settlement:att_reg_syria_tyrus2130447774"	"Τύρος"	"True"
"start_pos_settlements_onscreen_name_settlement:att_reg_syria_tyrus2130449757"	"Τύρος"	"True"
"start_pos_settlements_onscreen_name_settlement:bel_reg_apulia_et_calabria_hydruntum:hydruntum2130449953"	"Υδρούντιος"	"True"
"start_pos_settlements_onscreen_name_settlement:att_reg_frisia_flevum2130447680"	"Φλέβουμ"	"True"
"start_pos_settlements_onscreen_name_settlement:att_reg_frisia_flevum2130449257"	"Φλέβουμ"	"True"
"start_pos_settlements_onscreen_name_settlement:att_reg_italia_fiorentia2130447700"	"Φλωρεντία"	"True"
"start_pos_settlements_onscreen_name_settlement:att_reg_italia_fiorentia2130449350"	"Φλωρεντία"	"True"
"start_pos_settlements_onscreen_name_settlement:bel_reg_epirus_nova_photiki:photiki2130450065"	"Φωτική"	"True"
"start_pos_settlements_onscreen_name_settlement:att_reg_khwarasan_harey2130447704"	"Χαρέβ"	"True"
"start_pos_settlements_onscreen_name_settlement:att_reg_khwarasan_harey2130449375"	"Χαρέβ"	"True"
"start_pos_settlements_onscreen_name_settlement:att_reg_scandza_hafn2130447764"	"Χαφν"	"True"
"start_pos_settlements_onscreen_name_settlement:att_reg_scandza_hafn2130449708"	"Χαφν"	"True"
"start_pos_settlements_onscreen_name_settlement:att_reg_sarmatia_europaea_chersonessus2130447760"	"Χερσόνησσος"	"True"
"start_pos_settlements_onscreen_name_settlement:att_reg_sarmatia_europaea_chersonessus2130449696"	"Χερσόνησσος"	"True"



























"start_pos_settlements_onscreen_name_settlement:cha_reg_wessex_london2130452311"	"Λονδίνο"	"True"
"start_pos_settlements_onscreen_name_settlement:cha_reg_mercia_lincoln2130452013"	"Λίνκολν"	"True"
"start_pos_settlements_onscreen_name_settlement:cha_reg_swabia_speyer2130452236"	"Σπάιερ"	"True"
"start_pos_settlements_onscreen_name_settlement:cha_reg_burgundy_lyon2130451674"	"Λυών"	"True"
"start_pos_settlements_onscreen_name_settlement:cha_reg_septimania_toulouse2130452206"	"Τουλούζη"	"True"
"start_pos_settlements_onscreen_name_settlement:cha_reg_saxony_hamburg2130452189"	"Αμβούργο"	"True"
"start_pos_settlements_onscreen_name_settlement:cha_reg_calabria_taranto2130451694"	"Τάραντας"	"True"
"start_pos_settlements_onscreen_name_settlement:cha_reg_west_aquitaine_bourges2130452331"	"Μπουρζ"	"True"
"start_pos_settlements_onscreen_name_settlement:cha_reg_croatia_sisak2130451733"	"Σίσακ"	"True"
"start_pos_settlements_onscreen_name_settlement:cha_reg_provence_nice2130452134"	"Νίκαια"	"True"
"start_pos_settlements_onscreen_name_settlement:cha_reg_bohemia_praha2130451628"	"Πράγα"	"True"
"start_pos_settlements_onscreen_name_settlement:cha_reg_saxony_bremen2130452180"	"Βρέμη"	"True"
"start_pos_settlements_onscreen_name_settlement:cha_reg_east_neustria_reims2130451761"	"Ρενς"	"True"
"start_pos_settlements_onscreen_name_settlement:cha_reg_obodrites_havelberg2130452082"	"Χάβελμπεργκ"	"True"
"start_pos_settlements_onscreen_name_settlement:cha_reg_croatia_jadra2130451723"	"Ιάδρα"	"True"
"start_pos_settlements_onscreen_name_settlement:cha_reg_france_chatres2130451797"	"Σαρτρ"	"True"
"start_pos_settlements_onscreen_name_settlement:cha_reg_franconia_hallstadt2130451815"	"Χάλλσταδτ"	"True"
"start_pos_settlements_onscreen_name_settlement:cha_reg_franconia_frankfurt2130451808"	"Φραγκφούρτη"	"True"
"start_pos_settlements_onscreen_name_settlement:cha_reg_bohemia_iglau2130451625"	"Γιχλάβα"	"True"
"start_pos_settlements_onscreen_name_settlement:cha_reg_septimania_narbonne2130452199"	"Ναρμπόν"	"True"
"start_pos_settlements_onscreen_name_settlement:cha_reg_mercia_chester2130452002"	"Τσέστερ"	"True"
"start_pos_settlements_onscreen_name_settlement:cha_reg_benevento_benevento2130451608"	"Μπενεβέντο"	"True"
"start_pos_settlements_onscreen_name_settlement:cha_reg_eastphalia_halberstadt2130451771"	"Χάλμπερσταντ"	"True"
"start_pos_settlements_onscreen_name_settlement:cha_reg_marca_inferior_coimbra2130451977"	"Κοΐμπρα"	"True"
"start_pos_settlements_onscreen_name_settlement:cha_reg_brittany_quimper2130451637"	"Κεμπέρ"	"True"
"start_pos_settlements_onscreen_name_settlement:cha_reg_brittany_st_malo2130451643"	"Σαιν-Μαλό"	"True"
"start_pos_settlements_onscreen_name_settlement:cha_reg_wilzi_lipsk2130452362"	"Λίπσκ"	"True"
"start_pos_settlements_onscreen_name_settlement:cha_reg_friuli_venezia2130451846"	"Βενετία"	"True"
"start_pos_settlements_onscreen_name_settlement:cha_reg_eastphalia_hildesheim2130451772"	"Χίλντεσχαϊμ"	"True"
"start_pos_settlements_onscreen_name_settlement:cha_reg_gallicia_lugo2130451853"	"Λούγο"	"True"
"start_pos_settlements_onscreen_name_settlement:cha_reg_sardinia_and_corsica_cagliari2130452162"	"Κάλιαρι"	"True"
"start_pos_settlements_onscreen_name_settlement:cha_reg_toledo_toledo2130452255"	"Τολέδο"	"True"
"start_pos_settlements_onscreen_name_settlement:cha_reg_lombardy_pisa2130451947"	"Πίζα"	"True"
"start_pos_settlements_onscreen_name_settlement:cha_reg_west_aquitaine_angouleme2130452327"	"Ανγκουλέμ"	"True"
"start_pos_settlements_onscreen_name_settlement:cha_reg_angria_erfurt2130451565"	"Έρφουρτ"	"True"
"start_pos_settlements_onscreen_name_settlement:cha_reg_friuli_verona2130451852"	"Βερόνα"	"True"
"start_pos_settlements_onscreen_name_settlement:cha_reg_moravia_nitra2130452021"	"Νίτρα"	"True"
"start_pos_settlements_onscreen_name_settlement:cha_reg_frisia_utrecht2130451836"	"Ουτρέχτη"	"True"
"start_pos_settlements_onscreen_name_settlement:cha_reg_marca_inferior_lisbon2130451980"	"Λισαβόνα"	"True"
"start_pos_settlements_onscreen_name_settlement:cha_reg_wales_degannwy2130452297"	"Δεγαννούη"	"True"
"start_pos_settlements_onscreen_name_settlement:cha_reg_saxony_osnabruck2130452190"	"Όσναμπρουκ"	"True"
"start_pos_settlements_onscreen_name_settlement:cha_reg_moravia_mosaburg2130452016"	"Μόσαμπουργκ"	"True"
"start_pos_settlements_onscreen_name_settlement:cha_reg_marca_hispanica_girona2130451957"	"Ζιρόνα"	"True"
"start_pos_settlements_onscreen_name_settlement:cha_reg_bavaria_passau2130451598"	"Πάσσαου"	"True"
"start_pos_settlements_onscreen_name_settlement:cha_reg_alemannia_chur2130451556"	"Κουρ"	"True"
"start_pos_settlements_onscreen_name_settlement:cha_reg_munster_cashel2130452034"	"Κασέλ"	"True"
"start_pos_settlements_onscreen_name_settlement:cha_reg_pictland_scone2130452124"	"Σκόν"	"True"
"start_pos_settlements_onscreen_name_settlement:cha_reg_lombardy_pavia2130451940"	"Παβία"	"True"
"start_pos_settlements_onscreen_name_settlement:cha_reg_valencia_palma2130452284"	"Πάλμα"	"True"
"start_pos_settlements_onscreen_name_settlement:cha_reg_carinthia_wien2130451718"	"Βιέννη"	"True"
"start_pos_settlements_onscreen_name_settlement:cha_reg_leon_valladoid2130451934"	"Βαλλαδοΐδ"	"True"
"start_pos_settlements_onscreen_name_settlement:cha_reg_gharb_al_anadalus_beja2130451894"	"Μπέχα"	"True"
"start_pos_settlements_onscreen_name_settlement:cha_reg_austrasia_metz2130451586"	"Μετς"	"True"
"start_pos_settlements_onscreen_name_settlement:cha_reg_sicilia_panormos2130452228"	"Πάνορμος"	"True"
"start_pos_settlements_onscreen_name_settlement:cha_reg_marca_media_salamanca2130451996"	"Σαλαμάνκα"	"True"
"start_pos_settlements_onscreen_name_settlement:cha_reg_leon_santander2130451932"	"Σαντάδερ"	"True"
"start_pos_settlements_onscreen_name_settlement:cha_reg_austrasia_aachen2130451581"	"Άαχεν"	"True"
"start_pos_settlements_onscreen_name_settlement:cha_reg_jutland_aarhus2130451908"	"Ώρχους"	"True"
"start_pos_settlements_onscreen_name_settlement:cha_reg_benevento_bari2130451603"	"Μπάρι"	"True"
"start_pos_settlements_onscreen_name_settlement:cha_reg_bavaria_augsburg2130451595"	"Άουγκσμπουργκ"	"True"
"start_pos_settlements_onscreen_name_settlement:cha_reg_mercia_lichfield2130452012"	"Λίχφιλντ"	"True"
"start_pos_settlements_onscreen_name_settlement:cha_reg_navarre_pamplona2130452053"	"Παμπλόνα"	"True"
"start_pos_settlements_onscreen_name_settlement:cha_reg_exarchate_ancona2130451778"	"Ανκόνα"	"True"
"start_pos_settlements_onscreen_name_settlement:cha_reg_gascony_bordeaux2130451888"	"Μπορντό"	"True"
"start_pos_settlements_onscreen_name_settlement:cha_reg_provence_arles2130452125"	"Αρλ"	"True"
"start_pos_settlements_onscreen_name_settlement:cha_reg_toledo_calatrava2130452246"	"Καλατράβα"	"True"
"start_pos_settlements_onscreen_name_settlement:cha_reg_wilzi_cottbus2130452357"	"Κότμπους"	"True"
"start_pos_settlements_onscreen_name_settlement:cha_reg_munster_dublin2130452044"	"Δουβλίνο"	"True"
"start_pos_settlements_onscreen_name_settlement:cha_reg_marca_media_caceres2130451983"	"Κάσερες"	"True"
"start_pos_settlements_onscreen_name_settlement:cha_reg_angria_paderborn2130451574"	"Πάντερμπορν"	"True"
"start_pos_settlements_onscreen_name_settlement:cha_reg_sicilia_syracuse2130452229"	"Συρακούσες"	"True"
"start_pos_settlements_onscreen_name_settlement:cha_reg_jutland_hedeby2130451913"	"Χέδεβυ"	"True"
"start_pos_settlements_onscreen_name_settlement:cha_reg_navarre_tudela2130452060"	"Τουντέλα"	"True"
"start_pos_settlements_onscreen_name_settlement:cha_reg_northumbria_york2130452076"	"Γιορκ"	"True"
"start_pos_settlements_onscreen_name_settlement:cha_reg_wales_caerwent2130452296"	"Καέρουεντ"	"True"
"start_pos_settlements_onscreen_name_settlement:cha_reg_pannonia_cibakhaza2130452097"	"Κιβακάζα"	"True"
"start_pos_settlements_onscreen_name_settlement:cha_reg_northumbria_streonshalh2130452066"	"Στρεονσάλχ"	"True"
"start_pos_settlements_onscreen_name_settlement:cha_reg_carinthia_salzburg2130451708"	"Σάλτσμπουργκ"	"True"
"start_pos_settlements_onscreen_name_settlement:cha_reg_pictland_dumbarton2130452115"	"Νταμπάρτον"	"True"
"start_pos_settlements_onscreen_name_settlement:cha_reg_marca_inferior_braga2130451971"	"Μπράγκα"	"True"
"start_pos_settlements_onscreen_name_settlement:cha_reg_al_andalus_almeria2130451533"	"Αλμερία"	"True"
"start_pos_settlements_onscreen_name_settlement:cha_reg_provence_marseille2130452132"	"Μασσαλία"	"True"
"start_pos_settlements_onscreen_name_settlement:cha_reg_bohemia_dresden2130451622"	"Δρέσδη"	"True"
"start_pos_settlements_onscreen_name_settlement:cha_reg_obodrites_stargard2130452090"	"Στάργκαρντ"	"True"
"start_pos_settlements_onscreen_name_settlement:cha_reg_benevento_salerno2130451616"	"Σαλέρνο"	"True"
"start_pos_settlements_onscreen_name_settlement:cha_reg_marca_media_merida2130451990"	"Μέριδα"	"True"
"start_pos_settlements_onscreen_name_settlement:cha_reg_valencia_cartagena2130452277"	"Καρταχένα"	"True"
"start_pos_settlements_onscreen_name_settlement:cha_reg_eastphalia_magdeburg2130451774"	"Μαγδεβούργο"	"True"
"start_pos_settlements_onscreen_name_settlement:cha_reg_munster_cork2130452037"	"Κορκ"	"True"
"start_pos_settlements_onscreen_name_settlement:cha_reg_wilzi_brandenburg2130452356"	"Βρανδεμβούργο"	"True"
"start_pos_settlements_onscreen_name_settlement:cha_reg_al_andalus_cordoba2130451542"	"Κόρδοβα"	"True"
"start_pos_settlements_onscreen_name_settlement:cha_reg_jutland_ribe2130451922"	"Ρίμπε"	"True"
"start_pos_settlements_onscreen_name_settlement:cha_reg_rome_siena2130452146"	"Σιένα"	"True"
"start_pos_settlements_onscreen_name_settlement:cha_reg_croatia_ptuj2130451732"	"Πτούι"	"True"
"start_pos_settlements_onscreen_name_settlement:cha_reg_france_paris2130451801"	"Παρίσι"	"True"
"start_pos_settlements_onscreen_name_settlement:cha_reg_frisia_ghent2130451830"	"Γάνδη"	"True"
"start_pos_settlements_onscreen_name_settlement:cha_reg_northumbria_bamburgh2130452065"	"Βαμβούργο"	"True"
"start_pos_settlements_onscreen_name_settlement:cha_reg_exarchate_ravenna2130451793"	"Ραβέννα"	"True"
"start_pos_settlements_onscreen_name_settlement:cha_reg_franconia_wurzburg2130451816"	"Βίρτσμπουργκ"	"True"
"start_pos_settlements_onscreen_name_settlement:cha_reg_sicilia_akragas2130452218"	"Ακράγας"	"True"
"start_pos_settlements_onscreen_name_settlement:cha_reg_marca_hispanica_barcelona2130451948"	"Βαρκελώνη"	"True"
"start_pos_settlements_onscreen_name_settlement:cha_reg_gascony_bayonne2130451881"	"Μπαγιόν"	"True"
"start_pos_settlements_onscreen_name_settlement:cha_reg_gascony_agen2130451871"	"Αζάν"	"True"
"start_pos_settlements_onscreen_name_settlement:cha_reg_exarchate_bologna2130451785"	"Μπολόνια"	"True"
"start_pos_settlements_onscreen_name_settlement:cha_reg_sardinia_and_corsica_olbia2130452170"	"Όλβια"	"True"
"start_pos_settlements_onscreen_name_settlement:cha_reg_alemannia_konstanz2130451561"	"Κωνσταντία"	"True"
"start_pos_settlements_onscreen_name_settlement:cha_reg_bavaria_regensburg2130451600"	"Ρέγκενσμπουργκ"	"True"
"start_pos_settlements_onscreen_name_settlement:cha_reg_france_tours2130451805"	"Τουρ"	"True"
"start_pos_settlements_onscreen_name_settlement:cha_reg_moravia_savaria2130452029"	"Σαβάρια"	"True"
"start_pos_settlements_onscreen_name_settlement:cha_reg_marca_hispanica_tarragona2130451962"	"Ταρραγόνα"	"True"
"start_pos_settlements_onscreen_name_settlement:cha_reg_al_andalus_jaen2130451546"	"Χαέν"	"True"
"start_pos_settlements_onscreen_name_settlement:cha_reg_gallicia_oviedo2130451863"	"Οβιέδο"	"True"
"start_pos_settlements_onscreen_name_settlement:cha_reg_swabia_bescanon2130452232"	"Μπεζανσόν"	"True"
"start_pos_settlements_onscreen_name_settlement:cha_reg_valencia_valencia2130452291"	"Βαλένθια"	"True"
"start_pos_settlements_onscreen_name_settlement:cha_reg_alemannia_basel2130451547"	"Βασιλεία"	"True"
"start_pos_settlements_onscreen_name_settlement:cha_reg_east_aquitaine_rodez2130451750"	"Ροντέζ"	"True"
"start_pos_settlements_onscreen_name_settlement:cha_reg_wessex_canterbury2130452305"	"Καντέρμπερι"	"True"
"start_pos_settlements_onscreen_name_settlement:cha_reg_brittany_vannes2130451648"	"Βαν"	"True"
"start_pos_settlements_onscreen_name_settlement:cha_reg_sardinia_and_corsica_ajaccio2130452152"	"Αιάκειο"	"True"
"start_pos_settlements_onscreen_name_settlement:cha_reg_west_neustria_rennes2130452348"	"Ρεν"	"True"
"start_pos_settlements_onscreen_name_settlement:cha_reg_west_neustria_nantes2130452344"	"Νάντη"	"True"
"start_pos_settlements_onscreen_name_settlement:cha_reg_austrasia_trier2130451590"	"Τριρ"	"True"
"start_pos_settlements_onscreen_name_settlement:cha_reg_pannonia_kaposvar2130452102"	"Κάποσβαρ"	"True"
"start_pos_settlements_onscreen_name_settlement:cha_reg_burgundy_grenoble2130451666"	"Γκρενόμπλ"	"True"
"start_pos_settlements_onscreen_name_settlement:cha_reg_gharb_al_anadalus_cadiz2130451903"	"Κάδιθ"	"True"
"start_pos_settlements_onscreen_name_settlement:cha_reg_pannonia_szeged2130452112"	"Σέγκεντ"	"True"
"start_pos_settlements_onscreen_name_settlement:cha_reg_navarre_saragossa2130452058"	"Σαραγόσα"	"True"
"start_pos_settlements_onscreen_name_settlement:cha_reg_pictland_rhynie2130452116"	"Ράινι"	"True"
"start_pos_settlements_onscreen_name_settlement:cha_reg_calabria_kroton2130451679"	"Κρότων"	"True"
"start_pos_settlements_onscreen_name_settlement:cha_reg_calabria_region2130451684"	"Ρήγιο"	"True"
"start_pos_settlements_onscreen_name_settlement:cha_reg_carinthia_lorch2130451701"	"Λορχ"	"True"
"start_pos_settlements_onscreen_name_settlement:cha_reg_rome_roma2130452136"	"Ρόμα"	"True"
"start_pos_settlements_onscreen_name_settlement:cha_reg_gallicia_santiago2130451866"	"Σαντιάγο"	"True"
"start_pos_settlements_onscreen_name_settlement:cha_reg_wales_mathrafal2130452298"	"Μαθραφάλ"	"True"
"start_pos_settlements_onscreen_name_settlement:cha_reg_obodrites_rerik2130452086"	"Ρέρικ"	"True"
"start_pos_settlements_onscreen_name_settlement:cha_reg_rome_spoleto2130452150"	"Σπολέτο"	"True"
"start_pos_settlements_onscreen_name_settlement:cha_reg_east_neustria_amiens2130451754"	"Αμιένη"	"True"
"start_pos_settlements_onscreen_name_settlement:cha_reg_west_aquitaine_poitiers2130452333"	"Πουατιέ"	"True"
"start_pos_settlements_onscreen_name_settlement:cha_reg_ulster_cruachan2130452264"	"Κρουάχαν"	"True"
"start_pos_settlements_onscreen_name_settlement:cha_reg_west_neustria_bayeux2130452343"	"Μπαγιέ"	"True"
"start_pos_settlements_onscreen_name_settlement:cha_reg_gharb_al_anadalus_seville2130451904"	"Σεβίλλη"	"True"
"start_pos_settlements_onscreen_name_settlement:cha_reg_wessex_winchester2130452317"	"Γουίντσεστερ"	"True"
"start_pos_settlements_onscreen_name_settlement:cha_reg_east_neustria_troyes2130451770"	"Τρουά"	"True"
"start_pos_settlements_onscreen_name_settlement:cha_reg_lombardy_genova2130451935"	"Γένοβα"	"True"
"start_pos_settlements_onscreen_name_settlement:cha_reg_burgundy_geneve2130451658"	"Γενεύη"	"True"
"start_pos_settlements_onscreen_name_settlement:cha_reg_toledo_guadalajara2130452251"	"Γουαδαλαχάρα"	"True"
"start_pos_settlements_onscreen_name_settlement:cha_reg_angria_buraburg2130451564"	"Βουραβούργο"	"True"
"start_pos_settlements_onscreen_name_settlement:cha_reg_east_aquitaine_autun2130451743"	"Οτούν"	"True"
"start_pos_settlements_onscreen_name_settlement:cha_reg_friuli_aquileia2130451838"	"Ακυληία"	"True"
"start_pos_settlements_onscreen_name_settlement:cha_reg_leon_leon2130451931"	"Λεόν"	"True"
"start_pos_settlements_onscreen_name_settlement:cha_reg_ulster_downpatrick2130452265"	"Δοουνπατρίκ"	"True"
"start_pos_settlements_onscreen_name_settlement:cha_reg_swabia_strasbourg2130452238"	"Στρασβούργο"	"True"
"start_pos_settlements_onscreen_name_settlement:cha_reg_east_aquitaine_arvernis2130451742"	"Αρβέρνη"	"True"
"start_pos_settlements_onscreen_name_settlement:cha_reg_ulster_grinan_of_ailech2130452267"	"Γκρίαν του Αιλέχ"	"True"
"start_pos_settlements_onscreen_name_settlement:cha_reg_septimania_urgell2130452213"	"Ουρζέλ"	"True"
"start_pos_settlements_onscreen_name_settlement:cha_reg_frisia_boulogne2130451823"	"Βουλώνη"	"True"
