"message_event_text_text_placeholder"	"[DO NOT LOCALISE]"	"True"
"message_event_text_text_roman_ancillary_lost_destroyed_with_character"	"Following the patron's death this ancillary has been lost."	"True"
"message_event_text_text_roman_ancillary_lost_killed_with_character"	"This ancillary character has been killed along with their patron."	"True"
"message_event_text_text_roman_ancillary_lost_killed"	"This ancillary character has been killed."	"True"
"message_event_text_text_roman_ancillary_lost_natural_causes"	"This ancillary character has died of natural causes."	"True"
"message_event_text_text_roman_ancillary_lost_destroyed"	"This ancillary was destroyed as a result of enemy action."	"True"
"message_event_text_text_roman_ancillary_gained_character_with_ancillary"	"This character has gained an ancillary. It has been added to the reserves to await assignment."	"True"
"message_event_text_text_roman_ancillary_gained_character_without_ancillary"	"This character has gained an ancillary. It has been assigned directly to them."	"True"
"message_event_text_text_copy_protection_message"	"We have detected that the game executable has been tampered with and is likely to fail. This is usually due to an attempt to play a pirated copy of the game but may, in some cases, be caused by a virus or cheat program. If you own a genuine copy of Total War™: ROME 2 please exit the game, verify your game cache in Steam, scan for viruses, and disable any cheat programs you are running. If you do not own a genuine copy of Total War™: ROME 2 please purchase one from Steam."	"True"
"message_event_text_text_roman_ancillary_gained_other"	"Your faction has gained an ancillary. It has been added to the reserves to await assignment."	"True"
"message_event_text_text_roman_your_capital_recaptured"	"Ανακτήσατε την πρωτεύουσα σας! Ο λαός αγαλιάζει! Οι δρόμοι ηχούν από τις γιορτές."	"True"
"message_event_text_text_roman_campmap_enemy_navy_withdraws"	"Ανίκανος να εναντιωθεί στη δύναμη σας, ο εχθρικός στόλος υποχώρησε."	"True"
"message_event_text_text_roman_ceasefire_declared_them"	"Αυτές οι δυο φατρίες παραμέρισαν τις διαφορές τους και σταμάτησαν τις εχθροπραξίες."	"True"
"message_event_text_text_roman_alliance_declared"	"Αυτές οι φατρίες σχημάτισαν μια συμμαχία που ενδυναμώνει και τις δυο."	"True"
"message_event_text_text_roman_character_gains_level_female"	"Αυτή η ακούραστη κυρία έχει έναν πλούτο εμπειριών και συνεχίζει να ακονίζει τις ικανότητες της."	"True"
"message_event_text_text_roman_internal_mission_cancelled"	"Αυτή η αποστολή ακυρώθηκε λόγω απρόβλεπτων συνθηκών."	"True"
"message_event_text_text_roman_internal_mission_failed"	"Αυτή η αποστολή δεν ολοκληρώθηκε στον προβλεπόμενο χρόνο."	"True"
"message_event_text_text_roman_character_dies_commanding_replace"	"Αυτή η δύναμη χρειάζεται ένα ηγέτη τώρα που ο διοικητής της χάθηκε. Ποιος θα απαντήσει στο κάλεσμα;"	"True"
"message_event_text_text_roman_unseasonal_conditions"	"Αυτή η επαρχία βιώνει κάποιες ασυνήθιστες για την εποχή καιρικές συνθήκες."	"True"
"message_event_text_text_barbarian_edict_cancelled_region_lost"	"Αυτή η επαρχία δε βρίσκεται ενωμένη υπό το λάβαρο σου. Συνεπώς, οι φύλαρχοι δεν μπορούν να εφαρμόσουν το διάταγμα σου."	"True"
"message_event_text_text_roman_edict_cancelled_region_lost"	"Αυτή η επαρχία δεν στέκεται πλέον ενωμένη υπό το λάβαρο σας. Κατά συνέπεια, ο κυβερνήτης της επαρχίας αυτής δεν μπορεί να φέρει εις πέρας το διάταγμα σας."	"True"
"message_event_text_text_roman_character_dies_suspicious_female"	"Αυτή η κυρία πέθανε υπό ύποπτες συνθήκες. Τα έργα των εχθρικών πρακτόρων είναι μια συνεχής απειλή για τις ζωές όλων. Πρέπει να ληφθούν μέτρα για να αποφευχθούν περαιτέρω τραγωδίες."	"True"
"message_event_text_text_roman_military_access_cancelled"	"Αυτή η φατρία ακύρωσε το μεταξύ σας σύμφωνο στρατιωτικής πρόσβασης. Οι προθέσεις τους ίσως να είναι εχθρικές…"	"True"
"message_event_text_text_roman_satrapy_broken_by_overlord"	"Αυτή η φατρία απέσυρε την προστασία της από την πρώην σατραπεία της."	"True"
"message_event_text_text_roman_campmap_faction_joins_war"	"Αυτή η φατρία αποφάσισε να συμμετάσχει στον πόλεμο. Ίσως να αναμένουν εύκολα κέρδη σε βάρος άλλων ή ίσως να δρουν για τους συμμάχους τους."	"True"
"message_event_text_text_roman_client_state_broken_by_client"	"Αυτή η φατρία αρνήθηκε την προστασία του επικυρίαχου της. Δεν είναι πλέον υποτελές κράτος."	"True"
"message_event_text_text_roman_client_state_broken_by_overlord"	"Αυτή η φατρία δεν προστατεύει πλέον το πρότερο υποτελές κράτος της."	"True"
"message_event_text_text_roman_satrapy_declared"	"Αυτή η φατρία έγινε σατραπεία. Δεν έχει πλέον διπλωματική ελευθερία. Ο νέος επικυρίαρχος της την προστατεύει σε αντάλλαγμα για το φόρο υποτελείας."	"True"
"message_event_text_text_roman_client_state_declared"	"Αυτή η φατρία έγινε υποτελές κράτος. Σε αντάλλαγμα για το φόρο υποτελείας θα λάβουν προστασία από τον νέο επικυρίαρχο τους."	"True"
"message_event_text_text_roman_faction_destroyed_them_minor"	"Αυτή η φατρία καταστράφηκε. Ο λαός της σκορπίστηκε στους ανέμους."	"True"
"message_event_text_text_roman_faction_destroyed_them"	"Αυτή η φατρία καταστράφηκε. Οι εχθροί του ήταν πολυάριθμοι."	"True"
"message_event_text_text_roman_trespass_your_land"	"Αυτή η φατρία προέλασε με τα στρατεύματα της εντός των εδαφών σας χωρίς άδεια!"	"True"
"message_event_text_text_roman_satrapy_broken_by_satrapy"	"Αυτή η φατρία στράφηκε κατά του επικύριαρχου της. Βρίσκονται πλέον σε πόλεμο."	"True"
"message_event_text_text_roman_campmap_faction_joins_your_enemies"	"Αυτή η φατρία σχημάτισε μια συμμαχία με τους εχθρούς σας. Αυτό σας απειλεί και ενδυναμώνει τους εχθρούς σας."	"True"
"message_event_text_text_roman_campmap_faction_joins_your_enemies_diplomatic"	"Αυτή η φατρία χειραγωγήθηκε για να σχηματίσει μια συμμαχία εναντίων σας, ενισχύοντας την απειλή για εσάς και τη δύναμη των εχθρών σας."	"True"
"message_event_text_text_roman_alliance_broken_yours_manipulated"	"Αυτή η φατρία χειραγωγήθηκε έτσι ώστε να ακυρώσει τη μεταξύ σας συμμαχία."	"True"
"message_event_text_text_roman_nonaggression_broken_yours_manipulated"	"Αυτή η φατρία χειραγωγήθηκε ώστε να ακυρώσει το μεταξύ σας σύμφωνο μη επίθεσης."	"True"
"message_event_text_text_roman_military_access_cancelled_manipulated"	"Αυτή η φατρία χειραγωγήθηκε ώστε να ακυρώσει το μεταξύ σας σύμφωνο στρατιωτικής πρόσβασης."	"True"
"message_event_text_text_roman_faction_confederated"	"Αυτή η φυλή αποδέχτηκε να ενώσει τις δυνάμεις της με εσάς. Η συνομοσπονδία  θα ενδυναμώσει τους λαούς μας και θα σπείρει το φόβο στις καρδιές των εχθρών!"	"True"
"message_event_text_text_roman_faction_confederated_them"	"Αυτή η φυλή ενώθηκε με μια άλλη, ενδυναμώνοντας και τις δυο και προσφέροντας μεγαλύτερη προστασία και στο λαό τους."	"True"
"message_event_text_text_roman_campmap_your_general_killed"	"Αυτός ο αληθινός ήρωας της Ρώμης πέθανε γενναία ενώ πολεμούσε για το λαό σας. Τιμήστε τον!"	"True"
"message_event_text_text_roman_campmap_your_general_disbanded_ready"	"Αυτός ο άνδρας απαλάχθηκε από την δίοικηση και επέστρεψε στην πατρίδα. Θα εμπλακεί στην πολιτική της φατρίας μέχρι να ξανακληθεί να αναλάβει την ηγεσία των δυνάμεων σας και πάλι."	"True"
"message_event_text_text_roman_character_dies_suspicious"	"Αυτός ο άνδρας είχε έναν ύποπτο θάνατο: τα έργα των εχθρικών πρακτόρων είναι μια συνεχής απειλή για τις ζωές των υπηκόων σας. Μια άλλη τέτοια τραγωδία πρέπει να αποφευχθεί."	"True"
"message_event_text_text_roman_character_dies_natural_causes"	"Αυτός ο άνδρας έφτασε στο τέλος των ημερών του και ειρήνευσε."	"True"
"message_event_text_text_roman_character_dies_natural_causes_female"	"Αυτός ο άνδρας έφτασε στο τέλος των ημερών του και ειρήνευσε."	"True"
"message_event_text_text_roman_campmap_your_general_killed_politics"	"Αυτός ο άνδρας προδόθηκε από τα πιο κοντινά του πρόσωπα και δολοφονήθηκε."	"True"
"message_event_text_text_roman_campmap_your_general_returns_to_capital"	"Αυτός ο άνδρας τραυματίστηκε και θα χρειαστεί χρόνο για να θεραπευτεί."	"True"
"message_event_text_text_roman_campmap_your_general_wounded_politics"	"Αυτός ο άνδρας τραυματίστηκε σε μία απόπειρα δολοφονίας εναντίον του από έναν απ'τους δικούς του ανθρώπους. Η προδοσία πρέπει να τιμωρηθεί."	"True"
"message_event_text_text_roman_character_dies_navy_destroyed"	"Αυτός ο άφοβος ναύαρχος χάθηκε με το πλοίο του. Οι σπουδαίες πράξεις του δε θα ξεχαστούν."	"True"
"message_event_text_text_roman_character_gains_level"	"Αυτός ο επιμελής άνδρας κατέχει έναν πλούτο εμπειριών και συνεχίζει να ακονίζει τις ικανότητές του."	"True"
"message_event_text_text_barbarian_campmap_your_general_killed"	"Αυτός ο ευγενής πολεμιστής πέθανε γενναία στη μάχη. Απόψε θα δειπνήσει με τους δοξασμένους νεκρούς, αλλά ποιος θα ηγηθεί των αντρών του;"	"True"
"message_event_text_text_roman_campmap_settlement_surrenders"	"Αυτός ο οικισμός παραδόθηκε στον εχθρό! Χάσατε κάθε στρατιωτικό ή οικονομικό ώφελος προσέφερε."	"True"
"message_event_text_text_roman_your_port_blockaded"	"Αυτός ο παράκτιος οικισμός αποκλείστηκε από έναν εχθρικό στόλο. Οι αποκλεισμοί διαταράσσουν το εμπόριο και θέτουν τον ντόπιο πληθυσμό σε κίνδυνο λιμοκτονίας. Σπάστε τον αποκλεισμό με τις ντόπιες δυνάμεις  ή φέρτε ενισχύσεις για να επιτεθούν στον εχθρό!"	"True"
"message_event_text_text_other_campmap_your_immortal_general_returns_to_capital"	"Αυτός ο σπουδαίος άνδρας τραυματίστηκε από τον εχθρό και έπρεπε να αποδεσμευτεί από τη διοίκηση εωσότου θεραπευτεί."	"True"
"message_event_text_text_civilised_campmap_your_general_killed"	"Αυτός ο σπουδαίος άντρας πέθανε γεναία στη μάχη. Η ανδρεία του δε θα ξεχαστεί."	"True"
"message_event_text_text_roman_your_fleet_gains_level"	"Αυτός ο στόλος έχει κερδίσει πολλές νίκες. Τα γενναία πληρώματα θα μείνουν στην ιστορία για τις μεγάλες και ανδρειομένες πράξεις τους."	"True"
"message_event_text_text_roman_your_sea_region_contested"	"Δεν ελέγχετε πλέον αυτή τη θαλάσσια περιοχή. Η οικονομική και στρατιωτική της δυναμική παραβιάστηκαν."	"True"
"message_event_text_text_roman_your_province_contested"	"Δεν ελέγχετε πλέον ολόκληρη την επαρχία. Η οικονομική και στρατιωτική της δυναμική παραβιάστηκαν."	"True"
"message_event_text_text_roman_satrapy_broken_by_overlord_yours_manipulated"	"Είστε τρωτοί, καθώς ο πρώην επικυρίαρχος σας δεν παρέχει πλεόν την προστασία του. Αυτή η ξαφνική απόφαση πρέπει να οφείλεται σε έναν άγνωστο εχθρό."	"True"
"message_event_text_text_roman_client_state_broken_by_overlord_yours_manipulated"	"Είστε τρωτοί. Ο επικυρίαρχος σας απέσυρε την προστασία του. Τα ψέματα άλλων ίσως να προκάλεσαν αυτή την ενέργεια."	"True"
"message_event_text_text_roman_your_province_controlled"	"Ελέγχετε ολόκληρη την επαρχία! Το γεογνός αυτό θα ενισχύσει την οικονομική και την στρατιωτική δυναμική της και θα μπορείτε να εκδόσετε τοπικά διατάγματα."	"True"
"message_event_text_text_roman_agent_their_spy_anti_settlement_zeal_success"	"Ένα εμπρησμός από τον εχθρό προκάλεσε σοβαρές ζημιές σε ένα κτίριο στον οικισμό σας."	"True"
"message_event_text_text_roman_campmap_enemy_naval_invasion"	"Ένα εχθρικό στράτευμα βρίσκεται μέσα στην επικράτεια σας."	"True"
"message_event_text_text_roman_agent_their_spy_anti_settlement_subterfuge_success"	"Ένας ανέντιμος εχθρικός κατάσκοπος δηλητηρίασε τα πηγάδια στον οικισμό σας. Η φρουρά και ο λαός υποφέρουν."	"True"
"message_event_text_text_roman_agent_their_any_steal_character_stop"	"Ένας από τους πράκτορες σας παρεμποδίστηκε σε μια απόπειρα ενός αντιπάλου να τον κάνει να αποστατήσει."	"True"
"message_event_text_text_roman_agent_their_dignitary_kill_character_subterfuge_success"	"Ένας δόλιος εχθρικός αξιωματούχος, έχοντας κερδίσει την εμπιστοσύνη του υπηκόου σας, τον πρόδωσε και τον δολοφόνησε."	"True"
"message_event_text_text_roman_agent_their_dignitary_anti_army_zeal_success"	"Ένας εχθρικός αξιωματούχος απείλησε το στράτευμα σας με καταστροφή, μειώνοντας την πολεμική θέρμη των στρατιωτών."	"True"
"message_event_text_text_roman_agent_their_dignitary_anti_settlement_zeal_success"	"Ένας εχθρικός αξιωματούχος διέδωσε πολιτισμική προπαγάνδα στην επαρχία σας. Ο λαός άρχισε να πιστεύει τα ψεύδη."	"True"
"message_event_text_text_roman_agent_their_dignitary_anti_army_subterfuge_success"	"Ένας εχθρικός αξιωματούχος παραπλάνησε τους διοικητές του στρατεύματος σας, εκθέτοντας τη στρατηγική τους δυναμική."	"True"
"message_event_text_text_roman_agent_their_dignitary_kill_character_zeal_success"	"Ένας εχθρικός αξιωματούχος προκάλεσε έναν πιστό υπήκοο σας σε έναν παροξυσμό οργής και τον δολοφόνησε, σε "αυτοάμυνα"."	"True"
"message_event_text_text_roman_agent_their_dignitary_anti_army_authority_success"	"Ένας εχθρικός αξιωματούχος υπονόμευσε την εξουσία του στρατηγού σας, ελαττώνοντας την ικανότητα του να διοικήσει τους στρατιώτες του στη μάχη."	"True"
"message_event_text_text_roman_agent_their_dignitary_anti_settlement_authority_success"	"Ένας εχθρικός αξιωματούχος χρησιμοποίησε αηδιαστικά ψεύδη για να στρέψει το λαό εναντίων σου. Η επαρχία ίσως να εξεγερθεί."	"True"
"message_event_text_text_roman_agent_their_spy_anti_army_zeal_success"	"Ένας εχθρικός κατάσκοπος διείσδυσε στη σκευοφόρο σας και κατάστρεψε τις προμήθειες. Οι ζημιές στον εξοπλισμό του στρατεύματος ελάττωσαν την αποτελεσματικότητα του."	"True"
"message_event_text_text_roman_agent_their_spy_anti_army_authority_success"	"Ένας εχθρικός κατάσκοπος υπέκλεψε εντολές που μεταφέρονταν στο στράτευμα σας. Στρατιωτικές πληροφορίες ζωτικής σημασίας είναι τώρα γνωστές στους εχθρούς σας."	"True"
"message_event_text_text_roman_agent_their_dignitary_anti_army_fail"	"Ένας εχθρικός πράκτορας απέτυχε να αποδιοργανώσει ένα από τα στρατεύματα σας."	"True"
"message_event_text_text_roman_agent_their_champion_anti_army_fail"	"Ένας εχθρικός πράκτορας απέτυχε να διαταράξει ένα από τα στρατεύματα σας."	"True"
"message_event_text_text_roman_agent_their_champion_anti_settlement_fail"	"Ένας εχθρικός πράκτορας απέτυχε σε μια απόπειρα διατάραξης ενός από τους οικισμούς σας."	"True"
"message_event_text_text_roman_agent_their_spy_anti_settlement_fail"	"Ένας εχθρικός πράκτορας απέτυχε σε μια πράξη δολιοφθοράς σε έναν από τους οικισμούς σας."	"True"
"message_event_text_text_roman_agent_their_dignitary_anti_army_success"	"Ένας εχθρικός πράκτορας αποδιοργάνωσε ένα από τα στρατεύματα σας."	"True"
"message_event_text_text_roman_agent_their_champion_anti_settlement_success"	"Ένας εχθρικός πράκτορας αποπειράθηκε να διαταράξει έναν οικισμό σας."	"True"
"message_event_text_text_roman_agent_wounded_theirs"	"Ένας εχθρικός πράκτορας βρέθηκε να δρα ενάντια στα συμφέροντα σας. Τραυματίστηκε ενώ προσπαθούσε να δραπετεύσει."	"True"
"message_event_text_text_roman_agent_their_champion_anti_army_success"	"Ένας εχθρικός πράκτορας διατάραξε ένα από τα στρατεύματα σας."	"True"
"message_event_text_text_roman_agent_their_spy_anti_settlement_success"	"Ένας εχθρικός πράκτορας διέπραξε δολιοφθορά στον οικισμό σας."	"True"
"message_event_text_text_roman_agent_their_dignitary_anti_settlement_success"	"Ένας εχθρικός πράκτορας διέπραξε μια δράση αποδιοργάνωσης σε έναν οικισμό σας."	"True"
"message_event_text_text_roman_agent_their_any_kill_character_success"	"Ένας εχθρικός πράκτορας δολοφόνησε έναν δικό σας άνθρωπο. Πρέπει να το πληρώσουν!"	"True"
"message_event_text_text_roman_agent_their_dignitary_kill_character_authority_wound"	"Ένας εχθρικός πράκτορας επικήρυξε έναν υπήκοο σας! Ευτυχώς, οι δολοφόνοι κατάφεραν μόνο να τον τραυματίσουν."	"True"
"message_event_text_text_roman_agent_their_spy_anti_army_success"	"Ένας εχθρικός πράκτορας επιχείρησε μια δολιοφθορά κατά ενός στρατεύματος σας."	"True"
"message_event_text_text_roman_agent_their_champion_anti_settlement_authority_success"	"Ένας εχθρικός πράκτορας προκάλεσε έριδες μεταξύ των σκλάβων στον οικισμό σας, κάνοντας πιθανή μια εξέγερση σκλάβων."	"True"
"message_event_text_text_roman_agent_their_dignitary_anti_settlement_fail"	"Ένας εχθρικός πράκτορας, απέτυχε σε μια δράση αποδιοργάνωσης εντός ενός οικισμού σας."	"True"
"message_event_text_text_roman_agent_their_champion_kill_character_zeal_wound"	"Ένας εχθρικός υπέρμαχος αποπειράθηκε να δολοφονήσει τον πιστό σας υπήκοο. Η επίθεση απέτυχε, αλλά ο υπήκοος σας τραυματίστηκε."	"True"
"message_event_text_text_roman_agent_their_champion_anti_settlement_zeal_success"	"Ένας εχθρικός υπέρμαχος επιτέθηκε ανηλεώς στις περιπόλους της φρουράς του οικισμού σας, αφήνοντας πολλούς νεκρούς και περισσότερους τραυματίες."	"True"
"message_event_text_text_roman_agent_their_champion_anti_settlement_subterfuge_success"	"Ένας εχθρικός υπέρμαχος επιτέθηκε βάναυσα και προκάλεσε καταστροφές στον οικισμό σας. Μέσα στο χάος ένα πλήθος σκλάβων δραπέτευσε."	"True"
"message_event_text_text_roman_agent_their_champion_anti_army_zeal_success"	"Ένας εχθρικός υπέρμαχος πραγματοποίησε μια βάναυση επίθεση σε μια από τις περιπόλους σας. Λίγοι επέζησαν για να αφηγηθούν τα όσα έγιναν."	"True"
"message_event_text_text_roman_agent_their_champion_kill_character_authority_success"	"Ένας εχθρικός υπέρμαχος σκότωσε έναν πιστό υπήκοο σας σε μια μονομαχία. Ένας έντιμος θάνατος, παρόλα αυτά μια απώλεια."	"True"
"message_event_text_text_roman_agent_their_champion_kill_character_subterfuge_wound"	"Ένας εχθρικός υπέρμαχος τραυμάτισε τον πιστό σας υπήκοο. Η δειλή αυτή απόπειρα  δολοφονίας με καταιγισμό βελων απέτυχε, αλλά τα τραύματα θα πάρουν χρόνο για να επουλωθούν."	"True"
"message_event_text_text_roman_agent_recruited"	"Ένας νέος πράκτορας είναι έτοιμος και αναμένει εντολές."	"True"
"message_event_text_text_roman_unit_recruited_ship"	"Ένας νέος στόλος είναι έτοιμος για δράση."	"True"
"message_event_text_text_roman_agent_convalesced"	"Ένας πράκτορας ανάρρωσε από τραυματισμό και είναι έτοιμος να σας υπηρετήσει και πάλι."	"True"
"message_event_text_text_roman_agent_your_spy_kill_character_authority_success"	"Ένας προδότης, δουλεύοντας για έναν κατάσκοπο σας εξολόθρευσε τον εχθρό."	"True"
"message_event_text_text_roman_agent_your_spy_kill_character_authority_wound"	"Ένας προδότης, που δούλευε για έναν κατάσκοπο σας, απέτυχε στην αποστολή του. Αντί να σκοτώσει τον εχθρό, του προκάλεσε μόνο τραύματα."	"True"
"message_event_text_text_roman_campmap_economic_victory"	"Επιτεύχθηκε οικονομική νίκη."	"True"
"message_event_text_text_roman_campmap_cultural_victory"	"Επιτεύχθηκε πολιτισμική νίκη."	"True"
"message_event_text_text_roman_campmap_military_victory"	"Επιτεύχθηκε στρατιωτική νίκη."	"True"
"message_event_text_text_roman_agent_your_spy_anti_army_success"	"Επιτυχία! Ο πράκτορας σας προκάλεσε δολιοφθορά σε ένα εχθρικό στράτευμα."	"True"
"message_event_text_text_roman_agent_their_spy_anti_army_fail"	"Ευτυχώς, ένας εχθρικός πράκτορας απέτυχε σε μια πράξη δολιοφθοράς ενάντια σε ένα στράτευμα σας."	"True"
"message_event_text_text_roman_speciality_resource_acquired"	"Έχετε αποκτήσει ένα σημαντικό πόρο, που σας παρέχει  νέες οικονομικές και στρατιωτικές δυνατότητες."	"True"
"message_event_text_text_roman_their_army_sacks_settlement"	"Εχθρικές δυνάμεις λεηλάτησαν τον οικισμό σας! Πήραν ότι πολύτιμο βρήκαν πριν προχωρήσουν σε αναζήτηση νέας λείας."	"True"
"message_event_text_text_roman_your_trade_route_raided"	"Εχθρικές επιδρομές στις εμπορικές διαδρομές σας, σας στερούν εισόδημα από το εμπόριο."	"True"
"message_event_text_text_roman_agent_your_dignitary_anti_army_zeal_success"	"Έχοντας απειλήσει τους εχθρούς σας με ολοκληρωτική καταστροφή, ο αξιωματούχος σας μείωσε το ζήλο τους."	"True"
"message_event_text_text_roman_agent_your_dignitary_kill_character_subterfuge_success"	"Έχοντας κερδίσει την εμπιστοσύνη του εχθρού, ο αξιωματούχος σας τον πρόδωσε και τον δολοφόνησε."	"True"
"message_event_text_text_roman_agent_your_dignitary_kill_character_zeal_success"	"Έχοντας προκαλέσει τον εχθρό, ο αξιωματούχος σας αναγκάστηκε να τον σκοτώσει. Αυστηρά σε αυτοάμυνα."	"True"
"message_event_text_text_roman_campmap_bankrupt_desertion"	"Η αδυναμία σας να συντηρήσετε τους στρατιώτες σας προκάλεσε λιποταξίες, αφήνοντας τα στρατεύματα σας σημαντικά αποδυναμωμένα."	"True"
"message_event_text_text_roman_agent_their_dignitary_kill_character_authority_success"	"Η ανταμοιβή για την επικήρυξη του πιστού σας υπηκόου συλλέχθηκε."	"True"
"message_event_text_text_roman_camp_unrest_imminent_rebellion"	"Η δημόσια τάξη είναι σε επικίνδυνα χαμηλή! Ο λαός είναι δυστυχισμένος και μια εξέγερση είναι βέβαιη αν δεν ληφθούν μέτρα."	"True"
"message_event_text_text_roman_camp_unrest_imminent_slave_uprising"	"Η δημόσια τάξη είναι σε επικίνδυνα χαμηλή. Μια εξέγερση σκλάβων είναι αναπόφευκτη αν δεν ληφθούν μέτρα."	"True"
"message_event_text_text_roman_camp_unrest_imminent_riots"	"Η δημόσια τάξη είναι σε επικίνδυνα χαμηλή. Τα αρνητικά δημόσια αισθήματα σίγουρα θα οδηγήσουν σε αναταραχές αν δεν ληφθούν μέτρα."	"True"
"message_event_text_text_roman_movement_blocked"	"Η διαδρομή εμποδίζεται από έναν πράκτορα ή μια άλλη δύναμη. Πρέπει να αναζητήσετε μια εναλλακτική διαδρομή ή να απομακρύνετε αυτό το εμπόδιο."	"True"
"message_event_text_text_roman_campmap_prestige_level_increases"	"Η δύναμη σας είναι χωρίς όρια! Μπορείτε να διατηρήσετε επιπλέον στρατεύματα, στόλους και πράκτορες και να εκδόσετε περισσότερα επαρχιακά διατάγματα."	"True"
"message_event_text_text_roman_agent_their_champion_anti_army_authority_success"	"Η εντυπωσιακή επίδειξη δύναμης ενός εχθρικού υπέρμαχου κατακρήμνισε το ηθικό του στρατεύματος σας. Οι άντρες φοβούνται να αντιμετωπίσουν αυτόν τον εχθρό."	"True"
"message_event_text_text_roman_agent_your_champion_anti_army_authority_success"	"Η εντυπωσιακή επίδειξη δύναμης μείωσε το ηθικό τον εχθρό. Χτυπήστε και καταρρεύσουν μπροστά στην ισχύ σας!"	"True"
"message_event_text_text_custom_event_8"	"Η εξορία του Απόλλωνα έληξε και όλοι νιώθουν τη ζωογόνο δύναμη στη λάμψη του άρματος του. Τα στρατεύματα σας ξυπνούν απ' τη νάρκη, αδύναμα και χλωμά, όμως ο ζήλος τους για μάχη παραμένει μεγάλος. Το έδαφος, η σάρκα της Γαίας, είναι μαλακό και κατάλληλο για το φύτεμα όλων των ειδών σοδειών, αλλά θα επιβραδύνει την προέλαση των στρατευμάτων και θα αναγκάσει τους στρατηγούς να ζυγίσουν την αξία κάθε κίνησης τους με μεγάλη προσοχή."	"True"
"message_event_text_text_roman_agent_your_champion_kill_character_zeal_success"	"Η επίθεση του υπέρμαχου σας στέρησε από τον εχθρό έναν πιστό υπηρέτη."	"True"
"message_event_text_text_roman_your_capital_lost"	"Η θέση ισχύος σας ανετράπη. Ο λαός σας είναι στο έλεος του εχθρού. Οι δυνάμεις σας αμφιβάλλουν για την ικανότητα σας ως ηγέτη…"	"True"
"message_event_text_text_pun_rome_releasing_defenders_2"	"Η ισχύς των ενόπλων δυνάμεων σου προβλημάτισε τόσο τον εχθρό που απέστειλε επιπλέον εφεδρείες."	"True"
"message_event_text_text_roman_liberation"	"Η πατρίδα αυτής της καταστραμένης φατρίας απελευθερώθηκε. Επανέρχονται ως φατρία."	"True"
"message_event_text_text_custom_event_7"	"Η Περσεφόνη αρπάχθηκε και η οργή της μητέρας της, της Δήμητρας, της δότριας της ζωής, είναι ξεκάθαρη. Τα κάποτε πράσινα χωράφια είναι άγονα και έρημα, αφήνοντας το λαό σας πεινασμένο και τα χρηματοκιβώτια άδεια. Με την παγερή πνοή του Βορέα να θερίζει τις πεδιάδες, οι στρατιώτες σας είναι είναι απρόθυμοι να βρεθούν στο πεδίο της μάχης και - εύθραυστοι όπως τα παγωμένα τους όπλα - θα σπάσουν με την παραμικρή πίεση. Ο σοφός Έλληνας ξεχνά τον πόλεμο σε αυτό το σκοτεινό καιρό και αντ' αυτού περνά τις νύχτες δίπλα στη ζεστή φωτιά, σχεδιάζοντας την καταστροφή αυτών που του εναντιώνονται."	"True"
"message_event_text_text_roman_agent_wounded_female"	"Η πράκτορας σας τραυματίστηκε εν δράσει. Θα χρειαστεί χρόνο για να αναρρώσει πριν να επιστρέψει σε υπηρεσία."	"True"
"message_event_text_text_roman_campmap_you_lost_rome"	"Η Ρώμη, η Αιώνια Πόλη, κατελήφθη! Πρέπει να την επανακαταλάβετε αμέσως!"	"True"
"message_event_text_text_roman_satrapy_broken_by_satrapy_yours_manipulated"	"Η σατραπεία σας στράφηκε εναντίον σας! Αυτή η ξαφνική απόφαση πρέπει να οφείλεται στις δολοπλοκίες ενός αγνώστου εχθρού."	"True"
"message_event_text_text_roman_satrapy_broken_by_satrapy_yours"	"Η σατραπεία σας στράφηκε εναντίον σας! Είστε πλέον σε πόλεμο."	"True"
"message_event_text_text_roman_subject_message_subject_leaves"	"Η σημασία ενός από τους υπηκόους σας μειώθηκε. Δεν έχει πλέον επιρροή στα ζητήματα σας."	"True"
"message_event_text_text_roman_alliance_broken"	"Η συμμαχία μεταξύ αυτών των φατριών ακυρώθηκε."	"True"
"message_event_text_text_roman_agent_your_champion_anti_settlement_subterfuge_success"	"Η τολμηρή επιδρομή του υπέρμαχου σας στον οικισμό έσπειρε τον όλεθρο και απελευθέρωσε κάποιους σκλάβους."	"True"
"message_event_text_text_roman_camp_unrest_rebellion"	"Η υπερβολική δυστυχία οδήγησε το λαό αυτής της επαρχίας σε εξέγερση."	"True"
"message_event_text_text_gaul_realm_divide_roman_escalation"	"Ισχυρέ πολέμαρχε! Η Γαλατία στέκεται ενωμένη ενάντια στη Ρώμη, αλλά ο Καίσαρ δεν θα αποθαρρυνθεί.  Προετοιμάσου για μια Ρωμαϊκή στρατιωτική κλιμάκωση!"	"True"
"message_event_text_text_roman_speciality_wonder_discovered"	"Καταλάβατε ένα από τα Θαύματα του κόσμου. Άνθρωποι θα συρρέουν από όλα τα μέρη του κόσμου για να θαυμάσουν το μεγαλείο του."	"True"
"message_event_text_text_roman_faction_destroyed"	"Καταστρέψατε αυτή τη φατρία! Δεν μπορύσαν να αντισταθούν στη δύναμη σας!"	"True"
"message_event_text_text_roman_edict_issued"	"Κατέφτασαν νέα: ο κυβερνήτης της επαρχίας θα εφαρμόσει το διάταγμα σας μέχρι να διατάξετε το αντίθετο."	"True"
"message_event_text_text_barbarian_edict_issued"	"Κατέφτασαν νέα: οι φύλαρχοι της επαρχίας θα εφαρμόσουν το διάταγμα σου μέχρι να διατάξεις το αντίθετο."	"True"
"message_event_text_text_roman_agent_your_spy_kill_character_zeal_success"	"Κινούμενος στη σκιά, ο κατάσκοπος σας κατάφερε να δολοφονήσει βάναυσα τον εχθρό με μια κρυμμένη λεπίδα."	"True"
"message_event_text_text_roman_trade_agreement_cancelled_embargo"	"Με απαίτηση ενός τρίτου, αυτή η φατρία ακύρωσε το σύμφωνο εμπορίου σας."	"True"
"message_event_text_text_roman_agent_your_dignitary_anti_settlement_subterfuge_success"	"Με δωροδοκία ο αξιωματούχος σας έπεισε τους εμπόρους να πάψουν το εμπόριο στον εχθρικό οικισμό."	"True"
"message_event_text_text_custom_event_4"	"Με την αποκάλυψη πρόσφατων γεγονότων, ο λαός δε βλέπει πλέον αυτόν τον πόλεμο ως άμυνα – αν τον έβλεπαν ποτέ. Η επιθυμία των Αθηναίων είναι ευρέως γνωστή και καταδικαστέα. Έτσι λοιπόν, μην περιμένετε οι Έλληνες να δουν θετικά αυτή την πράξη ηγεμονισμού. Προκαλέσατε [[col:red]]σοβαρές διπλωματικές κυρώσεις[[/col]] με τους Αχαιούς, τους Βοιωτούς, τους Ίωνες και τους Δωριείς."	"True"
"message_event_text_text_roman_your_region_raided"	"Μια εχθρική επιδρομή στον οικισμό μείωσε την τοπική παραγωγή και τη δημόσια τάξη."	"True"
"message_event_text_text_roman_unit_recruited"	"Μία μονάδα στρατολογήθηκε και είναι έτοιμη να σας υπηρετήσει."	"True"
"message_event_text_text_roman_emergent_faction"	"Μια νέα δύναμη εμφανίστηκε μέσα από το χάος του πολέμου, έτοιμη να αφήσει το στίγμα της στον κόσμο."	"True"
"message_event_text_text_roman_edict_cancelled_imperium_drop"	"Μία πτώση στην ισχύ της φατρίας σας μείωσε την εξουσία σας. Κατά συνέπεια, ο κυβερνήτης της επαρχίας αυτής δεν μπορεί να φέρει εις πέρας το διάταγμα σας."	"True"
"message_event_text_text_barbarian_edict_cancelled_imperium_drop"	"Μια πτώση της ισχύος της φατρίας σου μείωσε την εξουσία σου, Συνεπώς, οι φύλαρχοι αυτής επαρχίας δεν μπορούν να εφαρμόσουν το διάταγμα σου."	"True"
"message_event_text_text_pun_rome_releasing_defenders_1"	"Νιώθοντας απειλή από την στρατιωτική σου ισχύ, ο εχθρός σου απέστειλε τις εφεδρείες του στη μάχη."	"True"
"message_event_text_text_roman_agent_their_any_steal_character_zeal_success"	"Ο αδύναμος και τόσο πιστός πράκτορας σας, σας πρόδωσε και πήρε το μέρος του εχθρού. Η προδοσία δεν πρέπει να περάσει ατιμώρητη!"	"True"
"message_event_text_text_roman_agent_your_dignitary_anti_settlement_zeal_success"	"Ο αξιωματούχος σας αύξησε την πολιτισμική επιρροή σας σε αυτή την επαρχία."	"True"
"message_event_text_text_roman_agent_your_dignitary_kill_character_zeal_wound"	"Ο αξιωματούχος σας τραυμάτισε το εχθρό καθώς απέκρουε μία επίθεση. Υπήρξε κάποια πρόκληση…"	"True"
"message_event_text_text_roman_agent_your_dignitary_anti_settlement_authority_success"	"Ο αξιωματούχος σας υποκίνησε επαναστατικά αισθήματα εντός του οικισμού, αποδιοργάνωσε τη δημόσια τάξη και κατέστησε πιθανότερη μια εξέγερση."	"True"
"message_event_text_text_roman_agent_your_dignitary_anti_army_authority_success"	"Ο αξιωματούχος σας υπονόμευσε την εξουσία αυτού του εχθρού επί των στρατιωτών του. Χτύπα τώρα, ενώ η ικανότητα του να ηγείται έχει υποστεί πλήγμα."	"True"
"message_event_text_text_roman_agent_your_champion_kill_character_authority_success"	"Ο γενναίος υπέρμαχος σας κατατρόπωσε τον εχθρό σε μονομαχία."	"True"
"message_event_text_text_roman_campmap_you_maintain_republic_rome"	"Ο εμφύλιος τελείωσε! Οι τρελαμένες για εξουσία οικογένειες των πατρικίων απέτυχαν και η δόξα και η σταθερότητα της Ρωμαϊκής Πολιτείας είναι και πάλι αδιαμφισβήτητες."	"True"
"message_event_text_text_roman_campmap_you_maintain_republic_carthage"	"Ο εμφύλιος τελείωσε! Οι τρελαμένοι για εξουσία διεκδικητές νικήθηκαν και η δημοκρατία αποκαταστάθηκε στην Καρχηδόνα."	"True"
"message_event_text_text_roman_campmap_you_become_emperor_carthage"	"Ο εμφύλιος τελείωσε. Η Καρχηδόνα είναι και πάλι μια σπουδαία αυτοκρατορία. Για να εξασφαλιστεί η Καρχηδόνια υπεροχή στον γνωστό κόσμο πρέπει να καταστραφεί κάθε αντίπαλη Φοινικική ηγεμονία!"	"True"
"message_event_text_text_roman_campmap_you_become_emperor_rome"	"Ο εμφύλιος τελείωσε. Η Ρωμαϊκή Πολιτεία δεν υπάρχει πλέον! Η Ρώμη θα γίνει μια αυτοκρατορία, καθοδηγούμενη από τις σπουδαιότερες οικογένειες πατρικίων, που θα κυβερνούν ένδοξα τον γνωστό κόσμο. Έξοχα!"	"True"
"message_event_text_text_roman_your_sea_region_raided"	"Ο εχθρικός στόλος που κάνει επιδρομές σε αυτό τον παράκτιο οικισμό προκάλεσε αρνητικό αντίκτυπο στη δημόσια τάξη και την τοπική οικονομία."	"True"
"message_event_text_text_roman_agent_your_dignitary_kill_character_subterfuge_wound"	"Ο εχθρός ανακάλυψε τα σχέδια του αξιωματούχου σας. Αναγκασμένος να δράσει γρήγορα, ο πράκτορας σας τον τραυμάτισε μόνο."	"True"
"message_event_text_text_roman_agent_their_any_kill_character_fail"	"Ο εχθρός απέτυχε να δολοφονήσει ένα από τους υπηρέτες σας, αλλά αναμφίβολα θα δοκιμάσει πάλι."	"True"
"message_event_text_text_roman_agent_their_any_steal_character_zeal_stop"	"Ο εχθρός απέτυχε να εξαναγκάσει τον πράκτορα σας να σας προδώσει! Οι απειλές τους είναι ανούσιες, αλλά η εργασία του πράκτορα σας παρεμποδίστηκε."	"True"
"message_event_text_text_roman_campmap_enemy_army_withdraws"	"Ο εχθρός βρίσκεται σε πλήρη υποχώρηση λόγω των υπέρτερων δυνάμεων σας."	"True"
"message_event_text_text_roman_agent_your_any_steal_character_subterfuge_success"	"Ο εχθρός δελεάστηκε από τις προσφορές του πράκτορα σας και εγκατέλειψε το σκοπό του."	"True"
"message_event_text_text_roman_agent_your_champion_kill_character_authority_wound"	"Ο εχθρός δεν έχει τιμή και τράπηκε σε φυγή όταν έγινε προαφνές ότι ο ευγενής υπέρμαχος σας υπερτερούσε."	"True"
"message_event_text_text_roman_agent_your_champion_kill_character_subterfuge_success"	"Ο εχθρός θρηνεί έναν πιστό υπηρέτη. Ο υπέρμαχος σας χτύπησε χωρίς δισταγμό."	"True"
"message_event_text_text_roman_your_army_destroyed"	"Ο εχθρός κατέστρεψε ολοκληρωτικά το στράτευμα σας. όλοι είναι νεκροί ή σκλαβωμένοι."	"True"
"message_event_text_text_roman_agent_their_any_steal_character_authority_stop"	"Ο εχθρός προσπάθησε να πείσει τον πράκτορά σας να σας προδώσει. Η αφοσίωση κέρδισε, αλλά ο πράκτοράς σας παρεμποδίστηκε από τις δράσεις του εχθρού."	"True"
"message_event_text_text_custom_event_5"	"Ο ήλιος χτυπά τα λαμπερά πλευρά των στρατευμάτων σας· η ξερή σκόνη διψά για αίμα. Αυτή η εποχή είναι αφιερωμένη στον Άρη, το θεό του πολέμου και πρέπει να τον κατευνάσουμε. Υπάρχει αφθονία τροφίμων και αργύρου και οι τάξεις των στρατευμάτων σου μπορούν να αναπληρωθούν σχεδόν όσο γρήγορα όσο έπαθαν απώλειες. Οι άντρες σας διώχνουν την πάχνη της άνοιξης από τις γενειάδες τους, ανυπομονώντας για τη θέρμη της μάχης και τη δόξα της νίκης – καθοδηγείστε τους!"	"True"
"message_event_text_text_custom_event_6"	"Ο Ησίοδος επαινεί το σεβαστό φθινόπωρο, κατά το οποίο η γη ανταμοίβει πλουσιοπάροχα την προσοχή που της δόθηκε την άνοιξη. Υπάρχει αφθονία σίτου και οι σάκκοι ηχούν καθώς γεμίζουν με τη σοδειά. Αυτήν την εποχή, οι στρατιώτες είναι αναγκασμένοι να ανταλλάξουν τα δόρατα με θρεπάνια και να επιστρέψουν στη γη, αφήνοντας τα στρατεύματα σου με νωθρά και με ελλείψεις."	"True"
"message_event_text_text_roman_campmap_your_immortal_general_returns_to_capital"	"Ο ισχυρός Καίσαρ τραυματίστηκε από τον εχθρό! Πρέπει να αναρρώσει πριν αναλάβει και πάλι τη δίοικηση."	"True"
"message_event_text_text_roman_agent_your_spy_kill_character_subterfuge_wound"	"Ο κατάσκοπος σας απέτυχε να σκοτώσει τον εχθρό. Η δόση, ωστόσο, ήταν αρκετή για να τον πληγώσει ελαφρά…"	"True"
"message_event_text_text_roman_agent_your_spy_anti_army_subterfuge_success"	"Ο κατάσκοπος σας διείσδυσε στο εχθρικό στρατόπεδο και δηλητηρίασε τις προμήθειες. Οι απώλειες τους είναι κέρδος για εσάς."	"True"
"message_event_text_text_roman_agent_your_spy_anti_settlement_zeal_success"	"Ο κατάσκοπος σας διέπραξε εμπρησμό και προκάλεσε σοβαρές ζημιές σε εχθρικά κτίρια."	"True"
"message_event_text_text_roman_agent_your_spy_kill_character_subterfuge_success"	"Ο κατάσκοπος σας έριξε δηλητήριο στο φαγητό του εχθρού. Ή το ποτό του. Έχει σημασία; Γρήγορα ήρθε ο θάνατος."	"True"
"message_event_text_text_roman_agent_your_spy_anti_settlement_subterfuge_success"	"Ο κατάσκοπος σας κατάφερε να δηλητηριάσει τις προμήθειες νερού στον εχθρικό οικισμό."	"True"
"message_event_text_text_roman_agent_your_spy_anti_army_zeal_success"	"Ο κατάσκοπος σας κατέστρεψε προμήθειες στην εχθρική σκευοφόρο. Ο εξοπλισμός που χάθηκε ελαττώνει την αποτελεσματικότητα τους στη μάχη."	"True"
"message_event_text_text_roman_agent_your_spy_anti_army_authority_success"	"Ο κατάσκοπος σας υπέκλεψε εχθρικές εντολές που περιελάμβαναν πληροφορίες για τα εδάφη τους και τα στρατιωτικά τους θέματα."	"True"
"message_event_text_text_roman_agent_discovered_yours"	"Ο κρυφός σας πράκτορας εντοπίστηκε από ξένες δυνάμεις. Είναι τώρα τρωτός σε εχθρικούς πράκτορες."	"True"
"message_event_text_text_roman_campmap_province_populace_unhappy"	"Ο λαός αυτής της επαρχίας είναι δυστυχισμένος. Για να αποφευχθούν οι εξεγέρσεις πρέπει να βελτιωθεί η δημόσια τάξη."	"True"
"message_event_text_text_roman_campmap_province_populace_outraged"	"Ο λαός αυτής της επαρχίας είναι εξοργισμένος! Υπάρχει μεγάλος κίνδυνος μιας τοπικής εξέγερσης! Κάτι πρέπει να γίνει για να βελτιωθεί η δημόσια τάξη."	"True"
"message_event_text_text_roman_campmap_province_populace_happy"	"Ο λαός αυτής της επαρχίας είναι ευτυχισμένος με τις παρούσες συνθήκες."	"True"
"message_event_text_text_roman_campmap_province_populace_content"	"Ο λαός αυτής της επαρχίας είναι ικανοποιημένος με τις παρούσες συνθήκες."	"True"
"message_event_text_text_roman_campmap_province_populace_troubled"	"Ο λαός αυτής της επαρχίας είναι προβληματισμένος από τις παρούσες συνθήκες."	"True"
"message_event_text_text_roman_campmap_province_populace_jubilant"	"Ο λαός αυτής της επαρχίας νιώθει θριαμβευτικός! Σας επαινούν και κάνουν προσφορές στους θεούς στο όνομα σας."	"True"
"message_event_text_text_roman_war_starving_out"	"Ο λαός αυτού του οικισμού πεθαίνει από την πείνα. Επίκειται παράδοση. Εξορμήστε τώρα, πριν είναι πολύ αργά!"	"True"
"message_event_text_text_roman_your_army_embarked_destroyed"	"Ο μεταγωγικός σας στόλος καταστράφηκε. Όλα τα πλοία χάθηκαν μετά την καταστροφή του"	"True"
"message_event_text_text_roman_your_settlement_besieged"	"Ο οικισμός σας είναι υπό πολιορκία. Χωρίς προμήθειες ο λαός θα αντιμετωπίσει την πείνα και μπορεί να εξαναγκαστεί να παραδοθεί. Εξορμήστε με τις τοπικές δυνάμεις ή φέρτε ενισχύσεις για να επιτεθούν στους πολιορκητές!"	"True"
"message_event_text_text_roman_your_region_captured"	"Ο οικισμός σας έπεσε στα χέρια του εχθρού! Αν δεν τον επανακαταλάβετε θα χάσετε τα στρατιωτικά και οικονομικά τους οφέλη."	"True"
"message_event_text_text_roman_your_sea_region_controlled"	"Ο ολοκληρωτικός έλεγχος σας σε αυτή τη θαλάσσια περιοχή, ενισχύει την οικονομική και τη στρατιωτική της δυναμική."	"True"
"message_event_text_text_roman_your_settlement_besieged_port"	"Ο παράκτιος οικισμός σας είναι υπό πολιορκία. Αν ένας θαλάσσιος αποκλεισμός σταματήσει την ροή των προμηθειών, ο πληθυσμός θα πεινάσει και μπορεί να εξαναγκαστεί να παραδοθεί. Εξορμήστε με τοπικές δυνάμεις ή φέρτε ενισχύσεις να επιτεθούν στους πολιορκητές."	"True"
"message_event_text_text_roman_agent_their_any_steal_character_subterfuge_stop"	"Ο πιστός σας πράκτορας παρεμποδίστηκε σε μια εχθρική απόπειρα που στόχευε να τον κάνει να αποστατήσει."	"True"
"message_event_text_text_roman_agent_their_champion_kill_character_subterfuge_success"	"Ο πιστός σας υπήκοος δολοφονήθηκε από έναν εχθρικό υπέρμαχο. Ο δειλός τον στόχευσε από μακριά, φοβούμενος μια μονομαχία."	"True"
"message_event_text_text_roman_agent_their_spy_kill_character_subterfuge_success"	"Ο πιστός σας υπήκοος δολοφονήθηκε! Φαίνεται πιθανό πως ένας εχθρικός κατάσκοπος χρησιμοποίησε δηλητήριο."	"True"
"message_event_text_text_roman_agent_their_spy_kill_character_authority_success"	"Ο πιστός σας υπήκοος δολοφονήθηκε, προδομένος από από κάποιον κοντινό του. Όταν αιχμαλωτίστηκε ο κακούργος παραδέχθηκε ότι εργαζόταν για έναν εχθρικό κατάσκοπο."	"True"
"message_event_text_text_roman_agent_their_spy_kill_character_subterfuge_wound"	"Ο πιστός σας υπήκοος ίσα που γλύτωσε έναν αργό, επώδυνο θάνατο. Η ταυτότητα του επίδοξου φονιά είναι άγνωστη, αλλά οι υποψίες πέφτουν σε έναν εχθρικό κατάσκοπο."	"True"
"message_event_text_text_roman_agent_their_dignitary_kill_character_subterfuge_wound"	"Ο πιστός σας υπήκοος προδώθηκε από έναν ασυνείδητο εχθρικό αξιωματούχο. Θα ζήσει, αλλά θα χρειαστεί χρόνο για να αναρρώσει."	"True"
"message_event_text_text_roman_agent_their_spy_kill_character_zeal_wound"	"Ο πιστός σας υπήκοος τραυματίστηκε σε μια βάναυση επίθεση από έναν εχθρικό κατάσκοπο."	"True"
"message_event_text_text_roman_agent_their_champion_kill_character_authority_wound"	"Ο πιστός σας υπήκοος τραυματίστηκε σε μια μονομαχία με έναν εχθρικό υπέρμαχο. Παρότι τα τραύματα του δεν είναι θανάσιμα, χρειάζονται χρόνο για να επουλωθούν."	"True"
"message_event_text_text_roman_agent_their_spy_kill_character_authority_wound"	"Ο πιστός σας υπήκοος τραυματίστηκε, μετά από μια απόπειρα αφαίρεσης της ζωής του. Τα αποδεικτικά στοιχεία που βρέθηκαν στο σώμα του επιτιθέμενου υποδηλώνουν ότι ο προδότης εργαζόταν για έναν εχθρικό κατάσκοπο."	"True"
"message_event_text_text_roman_agent_their_dignitary_kill_character_zeal_wound"	"Ο πιστός σας υπήκοος, προκλήθηκε και τραυματίστηκε σε μια φιλονικία με έναν εχθρικό αξιωματούχο."	"True"
"message_event_text_text_roman_agent_their_spy_kill_character_zeal_success"	"Ο πιστός σας υπηρέτης δολοφονήθηκε εν ψυχρώ! Η ταυτότητα του φονιά είναι άγνωστη, αλλά οι υποψίες πέφτουν σε έναν εχθρικό κατάσκοπο."	"True"
"message_event_text_text_custom_event_2"	"Ο πόλεμος υπαγορεύει ότι αφύσικοι σύμμαχοι πολεμούν μαζί και ότι δραστικά μέτρα λαμβάνονται για την επικράτηση έναντι ενός κοινού εχθρού. Ωστόσο, οι Έλληνες δε παίρνουν με καλό μάτι τον επεκτατισμό. Η κατάληψη των πρωτευουσών - Αθήνα, Θήβα, Κόρινθος και Σπάρτη, θα προκαλέσει [[col:red]]σοβαρές διπλωματικές κυρώσεις.[[/col]] Αντ' αυτού, προσπαθείστε να ροκανίσετε την επιρροή του εχθρού χτυπώντας τις μικρότερες κτήσεις τους. Η ανακατάληψη της δικης σας πρωτεύουσας δεν επιφέρει κυρώσεις."	"True"
"message_event_text_text_roman_agent_their_any_steal_character_success"	"Ο πράκτορας σας άκουσε τα 'γλυκά' λόγια του εχθρού και αποστάτησε."	"True"
"message_event_text_text_roman_agent_your_champion_anti_army_fail"	"Ο πράκτορας σας απέτυχε να αποδιοργανώσει ένα εχθρικό στράτευμα."	"True"
"message_event_text_text_roman_agent_your_champion_anti_settlement_fail"	"Ο πράκτορας σας απέτυχε να αποδιοργανώσει έναν εχθρικό οικισμό."	"True"
"message_event_text_text_roman_agent_your_dignitary_anti_settlement_fail"	"Ο πράκτορας σας απέτυχε να αποδιοργανώσει έναν εχθρικό οικισμό."	"True"
"message_event_text_text_roman_agent_your_any_kill_character_fail"	"Ο πράκτορας σας απέτυχε να δολοφονήσει τον στόχο."	"True"
"message_event_text_text_roman_agent_your_any_steal_character_stop"	"Ο πράκτορας σας απέτυχε να πάρει τον εχθρό με το μέρος σας, αλλά κατάφερε να τον παρεμποδίσει."	"True"
"message_event_text_text_roman_agent_your_spy_anti_settlement_fail"	"Ο πράκτορας σας απέτυχε να προκαλέσει δολιοφθορά σε αυτόν τον οικισμό."	"True"
"message_event_text_text_roman_agent_your_spy_anti_army_fail"	"Ο πράκτορας σας απέτυχε να προκαλέσει δολιοφθορά σε ένα εχθρικό στράτευμα."	"True"
"message_event_text_text_roman_agent_your_any_steal_character_fail"	"Ο πράκτορας σας απέτυχε να προσηλυτίσει τον εχθρό στο σκοπό σας."	"True"
"message_event_text_text_roman_agent_your_dignitary_anti_army_success"	"Ο πράκτορας σας αποδιοργάνωσε ένα εχθρικό στράτευμα."	"True"
"message_event_text_text_roman_agent_your_champion_anti_army_success"	"Ο πράκτοράς σας αποδιοργάνωσε ένα εχθρικό στράτευμα."	"True"
"message_event_text_text_roman_agent_your_champion_anti_settlement_success"	"Ο πράκτορας σας αποδιοργάνωσε έναν εχθρικό οικισμό."	"True"
"message_event_text_text_roman_agent_your_dignitary_anti_settlement_success"	"Ο πράκτοράς σας αποδιοργάνωσε τον εχθρικό οικισμό."	"True"
"message_event_text_text_roman_agent_your_dignitary_anti_army_fail"	"Ο πράκτορας σας δεν αποδιοργάνωσε το εχθρικό στράτευμα."	"True"
"message_event_text_text_roman_agent_your_any_steal_character_zeal_stop"	"Ο πράκτορας σας δεν εξανάγκασε τον εχθρό να αποστατήσει με το μέρος σου. Παρόλα αυτά, η πρόοδος του εχθρού επιβραδύνθηκε."	"True"
"message_event_text_text_roman_agent_your_any_opportune_failure"	"Ο πράκτορας σας δεν επέτυχε, αλλά η προσπάθεια δεν πήγε τελείως χαμένη:"	"True"
"message_event_text_text_roman_agent_your_any_kill_character_success"	"Ο πράκτοράς σας δολοφόνησε τον στόχο του! Ένα ισχυρό πλήγμα για τον εχθρό!"	"True"
"message_event_text_text_roman_agent_your_spy_anti_settlement_success"	"Ο πράκτορας σας εκτέλεσε μια πράξη δολιοφθοράς σε έναν εχθρικό οικισμό."	"True"
"message_event_text_text_roman_agent_your_any_steal_character_success"	"Ο πράκτορας σας έπεισε έναν εχθρικό υπήκοο να αποστατήσει. Τώρα σε υπηρετεί."	"True"
"message_event_text_text_roman_agent_your_any_steal_character_authority_success"	"Ο πράκτορας σας έπεισε τον εχθρό να εγκαταλείψει το σκοπό του και να υπηρετήσει το δικό σας."	"True"
"message_event_text_text_roman_agent_their_any_kill_character_wound"	"Ο πράκτοράς σας πληγώθηκε δρώντας κατά του εχθρού. Θα πρέπει να αναρώσει προτού μπορέσει να σας υπηρετήσει ξανά."	"True"
"message_event_text_text_roman_agent_killed_with_army"	"Ο πράκτορας σας σφαγιάστηκε κατά την πλήρη καταστροφή του στρατεύματος στο οποίο υπηρετούσε."	"True"
"message_event_text_text_roman_agent_your_any_kill_character_wound"	"Ο πράκτορας σας τραυμάτισε μόνο, αντί να σκοτώσει, τον στόχο."	"True"
"message_event_text_text_roman_agent_wounded"	"Ο πράκτορας σας τραυματίστηκε εν δράσει. Θα χρειαστεί χρόνο για να αναρρώσει πριν να επιστρέψει σε υπηρεσία."	"True"
"message_event_text_text_roman_agent_killed_with_navy"	"Ο πράκτορας σας χάθηκε με το στόλο. δεν ήταν δυνατή η διάσωση του."	"True"
"message_event_text_text_roman_agent_your_any_steal_character_subterfuge_stop"	"Ο πράκτορας σου δεν κατάφερε τον εχθρό να έρθει με το μέρος σας. Παρόλα αυτά, η πρόδοος του επιβραδύνθηκε."	"True"
"message_event_text_text_roman_your_fleet_destroyed"	"Ο στόλος σας καταστράφηκε από τις εχθρικές δυνάμεις. Όλοι χάθηκαν."	"True"
"message_event_text_text_roman_attrition_blockading"	"Ο στόλος σας υπέστη απώλειες, αλλά διατηρεί τον αποκλεισμό στον εχθρικό λιμένα."	"True"
"message_event_text_text_roman_war_coordination_target_not_available"	"Ο στόχος σας δεν είναι πλέον διαθέσιμος λόγω πρόσφατων γεγονότων."	"True"
"message_event_text_text_roman_war_coordination_ally_mobilisation"	"Ο σύμμαχος σας ετοιμάζεται να κινηθεί κατά του προτεινόμενου πολεμικού στόχου σας."	"True"
"message_event_text_text_roman_ally_attacked"	"Ο σύμμαχος σου δέχεται επίθεση. Θα τους βοηθήσεις στον πόλεμο;"	"True"
"message_event_text_text_roman_agent_your_champion_anti_army_zeal_success"	"Ο υπέρμαχος σας επιτέθηκε σε μια εχθρική περίπολο. Η βάναυση επίθεση εξασθένισε το πλήθος και την αποφασιστικότητα τους."	"True"
"message_event_text_text_roman_agent_your_champion_anti_settlement_zeal_success"	"Ο υπέρμαχος σας επιτέθηκε σε μια εχθρική φρουρά καθώς περιπολούσαν τις οδούς. Λίγοι επέζησαν για να αφηγηθούν τα όσα έγιναν!"	"True"
"message_event_text_text_roman_agent_your_champion_anti_settlement_authority_success"	"Ο υπέρμαχος σας προκάλεσε τους σκλάβους του εχθρού σε εξέγερση!"	"True"
"message_event_text_text_roman_agent_their_champion_kill_character_zeal_success"	"Ο υπηρέτης σας δολοφονήθηκε βάναυσα από έναν εχθρικό υπέρμαχο. Σκοτώθηκε χωρίς προειδοποίηση ή κάποια ευκαιρεία μιας έντιμης αυτοάμυνας…"	"True"
"message_event_text_text_roman_agent_their_any_steal_character_subterfuge_success"	"Ο υποτιθέμενος πιστός πράκτορας σας υπέκυψε σε δωροδοκία και πήρε το μέρος του εχθρού."	"True"
"message_event_text_text_roman_agent_your_dignitary_kill_character_authority_success"	"Οι ανταμοιβές του αξιωματούχου σας έστειλαν τους σπουδαιότερους δολοφόνους προ των θυρών του εχθρού. Ο στόχος είναι νεκρός."	"True"
"message_event_text_text_roman_agent_their_any_steal_character_fail"	"Οι αντίπαλοι σας προσπάθησαν να παροτρύνουν έναν από τους πράκτορες σας να αποστατήσει με το μέρος τους. Αλλά ο πράκτορας σας παραμένει πιστός… για τώρα."	"True"
"message_event_text_text_custom_event_1"	"Οι αρχαίοι εχθροί μας μπορεί να αρκούνταν μέχρι τώρα απλά να παρατηρούν την άνοδο των Ελληνικών πόλεων, αλλά όχι πλέον.  Υποκινημένοι από την αυξανόμενη δύναμη των Ελλήνων, οι Πέρσες εγκαταλείπουν τα ανατολικά τους φρούρια για να εκδικηθούν αυτούς που τους νίκησαν. Πρέπει να αντιμετωπίσετε αυτήν την απειλή ή να αντιμετωπίσετε την καταστροφή."	"True"
"message_event_text_text_roman_your_army_gains_level"	"Οι γενναίοι άνδρες αυτού του στρατεύματος έχουν γνωρίσει πολλές νίκες: μόνο το θάρρος τους όταν αντιμετωπίζουν τον εχθρό υπερβαίνει τις ικανότητες τους στα όπλα."	"True"
"message_event_text_text_roman_agent_their_spy_anti_settlement_authority_success"	"Οι διαφωνίες μεγαλώνουν στον οικισμό σας καθώς τα ψεύδη που διαδίδονται από έναν εχθρικό κατάσκοπο περνούν στο μυαλό του λαού. Αν η κατάσταση μείνει ανεξέλεκτη, θα προκληθούν αναταραχές στην επαρχία."	"True"
"message_event_text_text_roman_war_declared"	"Οι δράσεις παίρνουν τη θέση των λόγων: η διπλωματία απέτυχε και αυτές οι δυο φατρίες θα λύσουν τις διαφορές τους με πόλεμο."	"True"
"message_event_text_text_roman_your_army_loots_settlement"	"Οι δυνάμεις μας λαφυραγώγησαν αυτό τον οικισμό, κερδίζοντας πολύ πλούτο! Αυτή η αγριότητα, όμως, προκάλεσε καταστροφές και εξόργισε τον πληθυσμό."	"True"
"message_event_text_text_roman_ambusher_discovered_theirs"	"Οι δυνάμεις σας αποκάλυψαν ένα κρυμμένο στράτευμα."	"True"
"message_event_text_text_roman_agent_discovered_theirs"	"Οι δυνάμεις σας εντόπισαν έναν κρυφό ξένο πράκτορα. Να είστε επιφυλακτικός με τις προθέσεις του/της."	"True"
"message_event_text_text_roman_your_army_razes_settlement"	"Οι δυνάμεις σας ισοπέδωσαν τον οικισμό. Θα χτίσετε σπουδαία πράγματα πάνω στις στάχτες."	"True"
"message_event_text_text_roman_campmap_you_captured_rome"	"Οι δυνάμεις σας κατέλαβαν τη Ρώμη! Η Αιώνια Πόλη είναι ασφαλής, αλλά οι εχθροί είναι παντού."	"True"
"message_event_text_text_roman_your_army_sacks_settlement"	"Οι δυνάμεις σας λεηλάτησαν τον οικισμό, ξεπαστρεύοντας τον για πολύτιμα αντικείμενα πριν προχωρήσουν σε αναζήτηση νέας λείας."	"True"
"message_event_text_text_roman_faction_destroyed_minor"	"Οι δυνάμεις σας ποδοπάτησαν αυτή τη φατρία στο χώμα!"	"True"
"message_event_text_text_roman_attrition_blockaded"	"Οι δυνάμεις σας στερούνται προμηθειών, λόγω ενός στόλου που πραγματοποιεί θαλάσσιο αποκλεισμό. Πολλοί πεθαίνουν."	"True"
"message_event_text_text_roman_attrition_disease"	"Οι δυνάμεις σας υπέστησαν απώλειες από μια θανατηφόρα ασθένεια."	"True"
"message_event_text_text_roman_agent_their_dignitary_anti_settlement_subterfuge_success"	"Οι έμποροι της επαρχίας σας δωροδοκήθηκαν από έναν εχθρικό αξιωματούχο. Το εισόδημα από το εμπόριο έπεσε στο ιστορικά χαμηλότερο επίπεδο."	"True"
"message_event_text_text_roman_agent_their_champion_anti_army_subterfuge_success"	"Οι επιδρομές και οι παρενοχλήσεις ενός εχθρικού υπέρμαχου έχουν ελαττώσει την αποτελεσματικότητα των στρατιωτών σας."	"True"
"message_event_text_text_roman_agent_your_champion_anti_army_subterfuge_success"	"Οι εχθροί φοβούνται τις ίδιες τις σκιές τους χάρη στην αδιάκοπη παρενόχληση του υπέρμαχου σας! Ο φόβος κάνει τους άντρες αδύναμους, καθιστώντας τους μικρότερη απειλή αν επιτεθείτε τώρα."	"True"
"message_event_text_text_custom_event_3"	"Οι Πελοποννήσιοι μπήκαν στον πόλεμο για να αποτρέψουν τους Αθηναίους από το να γίνουν πολύ ισχυροί. Τώρα ο λαός αναρωτιέται αν απλά επιθυμείς να πάρεις τη θέση τους ως αποικιακή εξουσία σε αυτά τα μέρη. Δεν πολέμησαν για να αντικαταστήσουν τον έναν ηγεμόνα με έναν άλλο.\n\n Προκαλέσατε [[col:red]]σοβαρές διπλωματικές κυρώσεις[[/col]] με τους Αχαιούς, τους Βοιωτούς, τους Ίωνες και τους Δωριείς."	"True"
"message_event_text_text_pun_rome_releasing_defenders_3"	"Οι πηγές σου αποκαλύπτουν ότι πανικός κατέλαβε την πρωτεύουσα του εχθρού, για τις συνεχόμενες νίκες σου εναντίων τους. Παρέταξαν τις τελικές τους εφεδρείες εναντίον σου."	"True"
"message_event_text_text_roman_agent_their_spy_anti_army_subterfuge_success"	"Οι προμήθειες του στρατεύματος σας δηλητηριάστηκαν από έναν εχθρικό κατάσκοπο. Πολλοί στρατιώτες είναι άρρωστοι και κάποιοι έχουν πεθάνει."	"True"
"message_event_text_text_roman_camp_unrest_slave_uprising"	"Οι σκλάβοι αυτής της επαρχίας στράφηκαν κατά των αφεντών τους και εξεγέρθηκαν!"	"True"
"message_event_text_text_roman_trespass_foreign_land"	"Οι στρατιώτες σας εισήλθαν στα εδάφη μιας άλλης φατρίας χωρίς ένα σύμφωνο στρατιωτικής πρόσβασης. Αν χρονοτριβήσουν και εσείς δεν λάβετε ένα τέτοιο σύμφωνο, μπορεί να προκαλέσει την οργή αυτής της φατρίας!"	"True"
"message_event_text_text_roman_trade_agreement_cancelled"	"Οι σχέσεις σας με αυτή τη φατρία χειροτέρευσαν. Τερμάτισαν τις εμπορικές σας σχέσεις."	"True"
"message_event_text_text_roman_military_tech_advance"	"Ολοκληρώσατε μια τεχνολογική πρόοδο, που σας δίνει ένα πλεονέκτημα έναντι των αντιπάλων σας."	"True"
"message_event_text_text_roman_campmap_you_civil_war"	"Όταν πολεμάτε κατά εχθρικών δυνάμεων είναι εύκολο να αμελήσετε τις μάχες στην πατρίδα. Οι μάχες για την εξουσία πυροδότησαν ένα εμφύλιο πόλεμο. Αδελφός μάχεται κατά αδελφού, πλέον…"	"True"
"message_event_text_text_roman_campaign_lost"	"Ότι ήταν κάποτε δικό σας έχει καταστραφεί. Ο λαός σας ικετεύει τους θεούς για έλεος, αλλά οι θεοί δεν ακούν. Η διακυβέρνηση σας δε θα είναι τίποτα παραπάνω από μια υποσημείωση στα βιβλία της ιστορίας."	"True"
"message_event_text_text_roman_agent_your_champion_kill_character_zeal_wound"	"Παρά την γοργή, ανηλεή επίθεση του, ο υπέρμαχος σας μόνο τραυμάτισε τον εχθρό."	"True"
"message_event_text_text_roman_agent_your_spy_kill_character_zeal_wound"	"Παρά την καλή του προσπάθεια ο κατάσκοπος σας δεν σκότωσε τον εχθρό, αλλά του προκάλεσε μόνο τραύματα, πριν δραπετεύσει."	"True"
"message_event_text_text_roman_agent_your_any_steal_character_authority_stop"	"Παρότι ο πράκτορας σας δεν κατάφερε να πείσει τον εχθρό να έρθει με το μέρος σας, κατάφερε να παρεμποδίσει την πρόοδο του εχθρού."	"True"
"message_event_text_text_gaul_realm_divide_gallic_uprising_suebi"	"Πολεμιστή βασιλέα! Μεγάλο μέρος της Γαλατίας υποτάχθηκε στην ισχύ των Σουηβών, αλλά ακόμα συσπειρώνονται εναντίον σου. Ετοιμάσου για μια Γαλατική εξέγερση!"	"True"
"message_event_text_text_roman_agent_their_any_steal_character_authority_success"	"Προδοσία! Ο κάποτε πιστός σας πράκτορας αποστάτησε!"	"True"
"message_event_text_text_roman_campaign_won"	"Στέκεσαι θριαμβευτής! Το όνομα σου και τα κατορθώματα σου θα μνημονεύονται για πάντα."	"True"
"message_event_text_text_roman_ceasefire_declared"	"Συμφωνήθηκε ειρήνη ανάμεσα σε εσάς και τους εχθρούς σας."	"True"
"message_event_text_text_roman_campmap_faction_encountered_you"	"Συναντήσατε μια νέα φατρία. Οι διπλωματικές διαπραγματεύσεις μαζί τους είναι πλέον δυνατές."	"True"
"message_event_text_text_roman_politics_political_event"	"Συνέβη μια νέα πολιτική δολοπλοκία."	"True"
"message_event_text_text_roman_camp_unrest_riots"	"Τα αρνητικά δημόσια αισθήματα για την εξουσία σας προκάλεσαν αναταραχές σε αυτή την επαρχία."	"True"
"message_event_text_text_roman_agent_your_spy_anti_settlement_authority_success"	"Τα λόγια έχουν δύναμη  και ο κατάσκοπος σας εξασθένισε τη δημόσια τάξη και αύξησε την πιθανότητα εξέγερσης σε αυτόν τον οικισμό."	"True"
"message_event_text_text_roman_attrition_high_seas"	"Τα μαστιζόμενα από θύελλες πελάγη προκάλεσαν ζημιές στο στόλο σας."	"True"
"message_event_text_text_roman_campmap_your_general_convalesced"	"Τα τραύματα του θεραπέυτηκαν και αυτός ο άνδρας περιμένει την ευκαιρεία για να διοικήσει τις δυνάμεις σας και πάλι."	"True"
"message_event_text_text_roman_building_your_legendary_built_generic"	"Το ακόλουθο θρυλικό κτίριο κατασκευάστηκε:"	"True"
"message_event_text_text_roman_building_constructed"	"Το ακόλουθο κτίριο κατασκευάστηκε:"	"True"
"message_event_text_text_roman_agent_your_champion_kill_character_subterfuge_wound"	"Το βέλος του υπέρμαχου σας τραυμάτισε τον εχθρό. Δε θα μας προβληματίζει για λίγο καιρό."	"True"
"message_event_text_text_roman_trade_agreement_cancelled_port_loss"	"Το εμπόριο με αυτή τη φατρία δεν είναι πλέον δυνατό, εξαιτίας της απώλειας ενός ζωτικού λιμένα."	"True"
"message_event_text_text_roman_trade_agreement_cancelled_dissolved"	"Το εμπόριο με αυτόν τον πολύτιμο σύμμαχο δεν είναι πλέον δυνατό."	"True"
"message_event_text_text_roman_ambusher_discovered_yours"	"Το κρυμμένο στράτευμα σας βρέθηκε από ξένες δυνάμεις."	"True"
"message_event_text_text_roman_politics_character_high_gravitas_warning"	"Το κύρος αυτού του άνδρα είναι πραγματικά μεγάλο. Προσέχετε: αν το κύρος του συνεχίσει να μεγαλώνει, ίσως να αποστατήσει από το σκοπό σας σε μια προσπάθεια να καταλάβει την εξουσία για τον εαυτό του."	"True"
"message_event_text_text_roman_politics_character_defects"	"Το κύρος του αυξήθηκε και αυτός ο άντρας αποστάτησε από το σκοπό σας και επιδιώκει να καταλάβει την εξουσία για τον εαυτό του!"	"True"
"message_event_text_text_roman_subject_message_new_subject"	"Το όνομα ενός υπηκόου σας βρίσκεται στα χείλη όλων. Παραμένει να αποδειχθεί αν θα φανεί οφέλιμο."	"True"
"message_event_text_text_roman_attrition_winter"	"Το πικρό ψύχος του χειμώνα προκάλεσε απώλειες στο στράτευμα σας."	"True"
"message_event_text_text_roman_attrition_besieged"	"Το πολιορκόν στράτευμα στερεί προμήθειες από τις δυνάμεις σας. Πολλοί πεθαίνουν."	"True"
"message_event_text_text_roman_agent_your_dignitary_kill_character_authority_wound"	"Το ποσό της επικήρυξης για τον εχθρό δεν ήταν αρκετή. Οι δολοφόνοι απλά τον τραυμάτισαν."	"True"
"message_event_text_text_roman_your_army_retreats_region"	"Το στράτευμα σας αναγκάστηκε να αποσυρθεί σε φίλια εδάφη."	"True"
"message_event_text_text_roman_ambush_failed"	"Το στράτευμα σας αποκαλύφθηκε από τον εχθρό, πριν μπορέσει να τους παρασύρει σε μια ενέδρα."	"True"
"message_event_text_text_roman_attrition_swamp"	"Το στράτευμα σας υπέστη απώλειες, ενώ διέσχιζε βάλτους."	"True"
"message_event_text_text_roman_attrition_mountain"	"Το στράτευμα σας υπέστη απώλειες, ενώ διέσχιζε επικίνδυνα ορεινά περάσματα."	"True"
"message_event_text_text_roman_attrition_desert"	"Το στράτευμα σας υπέστη απώλειες, ενώ διέσχιζε την άγονη, ηλιοκαμμένη έρημο."	"True"
"message_event_text_text_roman_attrition_besieging"	"Το στράτευμα σας υφίσταται βαριές απώλειες διατηρώντας την πολιορκία. Οι εχθροί κάνουν ότι μπορούν για να τους πολεμήσουν."	"True"
"message_event_text_text_roman_military_access_expired"	"Το σύμφωνο στρατιωτικής πρόσβασης με αυτή τη φατρία έληξε. Απαιτείται ένα νέο σύμφωνο αν χρειάζεστε συνεχή πρόσβαση στα εδάφη τους."	"True"
"message_event_text_text_roman_military_access_prompt"	"Το σύμφωνο στρατιωτικής πρόσβασης με αυτή τη φατρία θα λήξει σύντομα. Απαιτείται ένα νέο σύμφωνο για να παρατείνετε την πρόσβαση στα εδάφη τους."	"True"
"message_event_text_text_roman_your_bankruptcy_no_cash"	"Το ταμείο σας είναι άδειο. Ξοδέψατε περισσότερα χρήματα από τα έσοδα σας από τη φορολόγηση και το εμπόριο και δεν μπορείτε να πληρώσετε για τη συντήρηση των δυνάμεων σας. Αυτό μπορεί να οδηγήσει σε απώλεια ηθικού και, τελικά, σε λιποταξίες."	"True"
"message_event_text_text_roman_your_bankruptcy_imminent"	"Το ταμείο σας είναι σχεδόν άδειο! Κάντε κάτι ή θα χρεωκοπήσετ σύντομα!"	"True"
"message_event_text_text_roman_client_state_broken_by_client_yours_manipulated"	"Το υποτελές κράτος σας παραμέρισε την προστασία σας. Ψιθυρίζεται ότι τα ψέματα άλλων το οδήγησαν σε αυτή την πράξη."	"True"
"message_event_text_text_roman_region_captured"	"Τώρα ελέγχετε αυτό τον οικισμό. Αν η επιρροή σας σε αυτή την επαρχία είναι αρκετή, μπορείτε να αναπτύξετε τον οικισμό σύμφωνα με τις ανάγκες σας."	"True"
"message_event_text_text_barb_civil_war_high"	"Τώρα υπάρχει μία μεγάλη πιθανότητα να ξεσπάσει εμφύλιος πόλεμος σε κάθε γύρο."	"True"
"message_event_text_text_roman_civil_war_high"	"Τώρα υπάρχει μία μεγάλη πιθανότητα να ξεσπάσει εμφύλιος πόλεμος σε κάθε γύρο."	"True"
"message_event_text_text_barb_civil_war_med"	"Τώρα υπάρχει μία μέτρια πιθανότητα να ξεσπάσει εμφύλιος πόλεμος σε κάθε γύρο."	"True"
"message_event_text_text_roman_civil_war_med"	"Τώρα υπάρχει μία μέτρια πιθανότητα να ξεσπάσει εμφύλιος πόλεμος σε κάθε γύρο."	"True"
"message_event_text_text_barb_civil_war_low"	"Τώρα υπάρχει μία μικρή πιθανότητα να ξεσπάσει εμφύλιος πόλεμος σε κάθε γύρο."	"True"
"message_event_text_text_roman_civil_war_low"	"Τώρα υπάρχει μία μικρή πιθανότητα να ξεσπάσει εμφύλιος πόλεμος σε κάθε γύρο."	"True"
"message_event_text_text_roman_campmap_province_development"	"Υπάρχει αρκετό πλεόνασμα πληθυσμού σε αυτή την επαρχία, ώστε να επεκτείνετε έναν από τους οικισμούς σας για την κατασκευή νέων κτιρίων."	"True"
"message_event_text_text_roman_campmap_food_shortage"	"Υπάρχει έλλειψη τροφίμων σε όλα τα εδάφη σας. Ο λαός αγωνίζεται να τραφεί και ψιθυρίζει για τις αποτυχίες σας ως ηγέτη. Μπορείτε να απαλλάξετε τις πιο πεινασμένες επαρχίες σας από φόρους για να αφαιρεθούν από το σύστημα τροφοδοσίας και οι σύμβουλοί σας προτείνουν ότι θα ήταν σοφό να επενδύσετε σε περισσότερα κτίρια παραγωγής τροφίμων."	"True"
"message_event_text_text_roman_campmap_AI_backstab_warning"	"Υπάρχει οσμή προδοσίας στον αέρα! Τίποτα δεν είναι βέβαιο, αλλά οι συμμαχοι σας συνωμοτούν για να σας προδώσουν!"	"True"
"message_event_text_text_roman_agent_your_any_steal_character_zeal_success"	"Φοβούμενος το θάνατο, ο εχθρός εγκατέλειψε το σκοπό του για να υπηρετήσει εσάς. Ο πράκτορας σας είναι πολύ πειστικός…"	"True"
"message_event_text_text_gaul_realm_divide_gallic_uprising_rome"	"Χαίρε Καίσαρ! Μεγάλο μέρος της Γαλατίας υποτάχθηκε και η απέχθεια των φυλών για εσένα έγινε ανυπέρβατη. Ετοιμάσου για μια Γαλατική εξέγερση!"	"True"
"message_event_text_text_roman_war_coordination_target_available"	"Χάρη σε πρόσφατα γεγονότα, μπορούμε τώρα να προτείνουμε έναν πολεμικό στόχο στους συμμάχους σας."	"True"
"message_event_text_text_roman_speciality_resource_lost"	"Χάσατε έναν σημαντικό πόρο και τα ωφέλη που αποκομίζατε από αυτόν. Η ανακατάληψη πρέπει να είναι η προτεραιότητα σας."	"True"
"message_event_text_text_roman_campmap_faction_breaks_treaty_diplomatic"	"Χειραγωγημένη από ψεύτες και δαίμονες, αυτή η φατρία ακύρωσε τις διπλωματικές συνθήκες σας."	"True"
"message_event_text_text_roman_agent_your_dignitary_anti_army_subterfuge_success"	"Χρησιμοποιώντας όση πονηριά διέθετε, ο αξιωματούχος σας παραπλάνησε τους διοικητές του εχθρού."	"True"
"message_event_text_text_roman_campmap_province_slums"	"Ως αποτέλεσμα καταστροφών ή αμέλειας, δημιουργήθηκαν φτωχογειτονιές σε αυτό τον οικισμό. Πρέπει να γίνει δουλειά για να αφαιρεθούν αυτές οι φτωχογειτονιές."	"True"






















"message_event_text_text_roman_agent_theirs_spy_slow_character_zeal_success_critical"	"Your agent has been detained by an enemy spy, leaving themselves close to immobile."	"True"
"message_event_text_text_roman_campmap_your_general_converted_ready"	"The former general has left their previous command; soon he'll join our ranks!"	"True"
"message_event_text_text_roman_campmap_your_general_available"	"This character is available once again."	"True"
"message_event_text_text_welcome_to_invasion_senones"	"Instead of changing government types, the Senones can request their [[col:green]]druids[[/col]] to offer their warriors divine guidance.\n\nLiving for years on the brink of survival has made the Senones harsh conquerors; they can only [[col:green]]raze[[/col]] or [[col:green]]sack[[/col]] enemy settlements - the thought of peaceful [[col:red]]occupation[[/col]] does not cross their minds!"	"True"
"message_event_text_text_roman_politics_government_type_event"	"Government has changed!"	"True"
"message_event_text_text_age_agent_theirs_trap_character_fail"	"An enemy champion has failed to trap your elusive agent."	"True"
"message_event_text_text_roman_agent_their_dignitary_kill_character_subterfuge_sacrifice_wound"	"An enemy dignitary has wounded your loyal subject. The attempt to sacrifice them as tribute to their pagan gods failed, but their wounds will still need time to heal."	"True"
"message_event_text_text_roman_politics_political_party_split"	"New party formed!"	"True"
"message_event_text_text_roman_agent_their_dignitary_anti_army_bribery_fail"	"An enemy dignitary has failed to bribe one of your armies."	"True"
"message_event_text_text_banditry_reduced_public_order"	"Due to the inability of the government to deal with the bandits in this region the populace have grown restless. Angry crowds have started forming around the city, further disrupting the civil order!"	"True"
"message_event_text_text_roman_agent_your_champion_arson_anti_settlement_zeal_success"	"Your champion set a fire and caused severe damage to enemy buildings."	"True"
"message_event_text_text_plague_spreads_to_non_player_region"	"With silent steps the disease travelled along paths of trade and now reaps human souls from neighbouring lands."	"True"
"message_event_text_text_inv_government_action_ready"	"Government action is now available."	"True"
"message_event_text_text_roman_agent_theirs_spy_slow_character_zeal_success"	"Your agent has been hindered by an enemy spy and as a result has been slowed down."	"True"
"message_event_text_text_welcome_to_invasion_syracuse"	"Instead of changing government types, Syracuse can attempt to dispatch a [[col:green]]colonising expedition[[/col]] to settle distant lands. A successfully-established colony provides benefits for the mother city.\n\nSyracuse can also [[col:green]]hire unique mercenaries[[/col]] unavailable to other factions, which are of great help during their constant conflict against mighty Carthage."	"True"
"message_event_text_text_rom_family_tree_girl_comes_out_of_age"	"This young woman is now ready to take up the responsibilities of adulthood."	"True"
"message_event_text_text_roman_agent_their_spy_steal_success"	"An enemy spy has stolen gold and possessions from your agent, hindering their ability to act."	"True"
"message_event_text_text_banditry_stop_food_production"	"One of our storehouses has been robbed! Bandits have broken in and stolen large amount of supplies. This province will produce a lot less food this month."	"True"
"message_event_text_text_roman_agent_theirs_spy_slow_character_fail"	"A rival spy has failed to slow your agent down."	"True"
"message_event_text_text_welcome_to_invasion_samnites"	"Instead of changing government types, the Samnites can initiate the [[col:green]]Ver Sacrum[[/col]] rite, which spawns an army of young men, eager to find a new home of their own, near their capital.\n\nThe Samnites are intelligent warriors, able to use every kind of [[col:green]]terrain[[/col]] to their troops’ advantage when their armies are in [[col:green]]normal stance[[/col]]."	"True"
"message_event_text_text_roman_agent_their_dignitary_discredit_zeal_success"	"An enemy dignitary has degraded your subject, reducing their abilities as well as their self-esteem."	"True"
"message_event_text_text_roman_agent_their_any_steal_character_kill"	"An enemy tried to recruit your agent but ended up killing them instead."	"True"
"message_event_text_text_roman_politics_character_released_from_prison"	"This man has been released.[FEM]This woman has been released."	"True"
"message_event_text_text_welcome_to_invasion_insubres"	"Instead of changing government types, the Insubres’ chief can request the [[col:green]]druids[[/col]] to assist with the control of commoners or noblemen.\n\nTheir proximity to the Alps allows them to attempt to control the few sources of precious [[col:green]]amber[[/col]], imported from the north. This, combined with their [[col:green]]diplomatic aptitude[[/col]], makes the Insubres uncanny negotiators."	"True"
"message_event_text_text_roman_attrition_discipline"	"Decimation is a capitol punishment. One in every ten soldiers has perished."	"True"
"message_event_text_text_campmap_you_secession_or_civil_war_protection_expired"	"You are no longer protected from a Secession or Civil War."	"True"
"message_event_text_text_rom_family_tree_boy_comes_out_of_age"	"Having developed his skills, this young man is now ready to serve the common good."	"True"
"message_event_text_text_roman_agent_theirs_spy_steal_character_fail"	"A rival spy has failed to rob your alert agent."	"True"
"message_event_text_text_roman_agent_your_spy_steal_success"	"Your spy has robbed an enemy agent blind, taking their gold and possessions, leaving them unable to take action."	"True"
"message_event_text_text_welcome_to_invasion_veneti"	"Instead of changing government types, the Veneti chief can assign the [[col:green]]royal herd[[/col]] of magnificent horses to aid either his people’s military or civil endeavours.\n\nThe [[col:green]]best steeds[[/col]] in the royal herd are used as cavalry - Veneti horsemen only ride mounts of the highest quality."	"True"
"message_event_text_text_welcome_to_invasion_tarchuna"	"Instead of changing government types, Tarchuna can [[col:green]]hold a summit[[/col]] at the revered shrine of Fanum Voltumnae, leading to various factionwide effects.\n\nDue to their sophisticated society, the Etruscans use a peculiar building construction system where upgrading the level of a province capital building will improve the bonuses from minor settlement buildings of the same type.\n\nThe Etruscans of marvellous Tarchuna must be cautious, for if they [[col:red]]lose their capital city[[/col]], they will fall into disunity and eventual oblivion, thus [[col:red]]losing them the game[[/col]]."	"True"
"message_event_text_text_politics_your_diplomat_killed"	"Your diplomat found his death during a failed diplomatic mission.[FEM]Your diplomat found her death during a failed diplomatic mission."	"True"
"message_event_text_text_rom_family_tree_child_dies"	"Gruesome news - a small, sparkling candle is now extinguished!"	"True"
"message_event_text_text_age_agent_your_trap_character_success"	"Your champion has succeeded in trapping the enemy agent, exposing them to other actions."	"True"
"message_event_text_text_age_agent_your_trap_character_fail"	"Your champion has failed to trap the enemy agent."	"True"
"message_event_text_text_FemGen_Teuta"	"Agron, our glorious king is dead! Killed by the vile Romans… His fierce wife, Teuta, is now queen of the Ardiaei!\n\n All hail Teuta, mistress of the waves!"	"True"
"message_event_text_text_roman_campmap_you_secession"	"A political party has seceded from your faction and declared war on you."	"True"
"message_event_text_text_roman_agent_your_dignitary_discredit_success"	"Your dignitary has succesfully discredited their target, causing the character to feel worthless."	"True"
"message_event_text_text_roman_agent_your_spy_slow_character_zeal_success_critical"	"Your spy has detained the enemy agent, grinding their actions down to a crawl."	"True"
"message_event_text_text_welcome_to_invasion_iolei"	"Instead of changing government types, the Iolei can appease the gods, both above and below, by organising a [[col:green]]grand tournament[[/col]]. Such an event has a positive effect on every sphere of life.\n\nHowever, enemy armies marching through Iolean territories will find themselves in dire straits, as random attacks by hostile locals gradually wear the intruders down with [[col:green]]attrition[[/col]]. Once weakened, they are easy prey for an organised Iolean assault combining guerrilla warfare with the Iolei’s innate ferocity in battle."	"True"
"message_event_text_text_welcome_to_invasion_taras"	"Instead of changing government types, Taras has access to the services provided by its [[col:green]]court philosophers[[/col]]. They can be assigned to conduct [[col:green]]research[[/col]] which, depending on the wise men’s whims, may unlock a technology.\n\n Philosophers can also be tasked with writing a[[col:green]] treatise[[/col]] on a topic of their choosing. Once completed, a [[col:green]]treatise[[/col]] provides a variety of benefits."	"True"
"message_event_text_text_plague_spreads_to_player_region"	"A dire sickness has afflicted our populace and men are dying by the hour. No doubt the pestilence comes from lands nearby."	"True"
"message_event_text_text_rom_family_tree_child_tutoring"	"A child is sent off to be educated."	"True"
"message_event_text_text_inv_second_battle_rome_attacker"	"Cheers for our brave generals! We have won a great victory on this day, but cannot celebrate yet! Rome’s staunchest defenders have gathered on the Capitoline Hill for one last stand. Be wary, as they are well organised and strong, and will defend the city to the very last man. The gods have already shown us their favour, but we will need their help for one last push to take the city!"	"True"
"message_event_text_text_welcome_to_invasion_rome"	"Instead of changing government types, Rome has access to [[col:green]]elections[[/col]] that enable the appointment of [[col:green]]consuls[[/col]] or a [[col:green]]dictator[[/col]] for a limited amount of turns.\n\nThe city of Rome itself, although relatively young, is very well defended and capture of the fortified [[col:green]]Capitoline Hill[[/col]] requires an enemy to defeat the Romans in [[col:green]]two separate battles[[/col]] in order to capture the city."	"True"
"message_event_text_text_rom_family_tree_baby_born"	"Most joyous news! A healthy child is born - a future pillar of the family and the people."	"True"
"message_event_text_text_roman_politics_character_diplomatic_mission_ended"	"This man has returned from his diplomatic mission.[FEM]This woman has returned from her diplomatic mission."	"True"
"message_event_text_text_roman_agent_your_dignitary_anti_army_bribery_fail"	"Your dignitary has failed in his bribery attempt."	"True"
"message_event_text_text_banditry_decrease_province_wealth"	"Bandits have stolen the taxes! Armed thugs have attacked an official cart on its way to the treasury. This province provides no wealth this month."	"True"
"message_event_text_text_campmap_you_secession_or_civil_war_protection_will_expire"	"You are still protected from a Secession or Civil War, but this will expire in 3 turns."	"True"
"message_event_text_text_rom_family_tree_marriage"	"A couple have married!"	"True"
"message_event_text_text_inv_second_battle_rome_defender"	"A bitter defeat, but all is not lost! Our best warriors gather to defend the Capitoline Hill - no attacker can be confident when facing this force. Unusually, the gods have given us a second chance – we’d better use it well!"	"True"
"message_event_text_text_age_agent_your_discredit_character_fail"	"Your dignitary's target has proven immune to slander and degrading."	"True"
"message_event_text_text_roman_agent_their_dignitary_kill_character_subterfuge_sacrifice_success"	"An enemy dignitary has sacrificed your loyal subject as tribute to their pagan gods."	"True"
"message_event_text_text_3c_intro_mechanics"	"In recent years the whole world has been torn by wars and strife. The weakening of the Roman Empire has given rise to [[col:red]]banditry[[/col]] everywhere. Trade between settlements has become almost impossible. Standing armies and outposts can help increase the safety of provinces, while certain reforms can make settlements more self-sufficient. \n\n With cities being overcrowded, [[col:red]]squalor[[/col]] has become a serious issue. If we are to avoid an outbreak of plague we have to find ways to reduce squalor, such as sanitation buildings and reforms."	"True"
"message_event_text_text_rom_family_tree_new_faction_leader_female"	"A strong woman takes up the position of leader - may her rule be long and prosperous!"	"True"
"message_event_text_text_roman_agent_your_dignitary_anti_army_authority_success_critical"	"Your dignitary has bribed the enemy general, persuading them to leave their position and join your cause."	"True"
"message_event_text_text_roman_politics_character_mission_ended"	"This character's mission has ended."	"True"
"message_event_text_text_plague_starts_in_player_region"	"Our people have lived in filth for so long that now a terrible plague is culling their numbers! To stem the rising tide of death we need proper sanitation!"	"True"
"message_event_text_text_inv_attack_rome"	"Rome isn't an ordinary city. It is considered special both for its excellent strategic position and its meaning to the Italic peoples. Whoever controls this city, controls not only its riches and trade routes but also the hearts and minds of the people who live there. Therefore, Rome is always very well defended and generally impossible to capture in a single battle. Should you defeat its defending army and garrison, the bravest of the defenders will gather for one last stand on the supposedly impregnable Capitoline Hill. Attacking Rome will require great sacrifice from our warriors. We can only succeed with excellent preparation and great effort - good luck!"	"True"
"message_event_text_text_roman_agent_your_spy_steal_character_fail"	"Your spy has failed to steal from the enemy agent."	"True"
"message_event_text_text_rom_family_tree_new_faction_leader_male"	"A strong man takes up the position of leader - may his rule be long and prosperous!"	"True"
"message_event_text_text_roman_agent_your_spy_slow_character_fail"	"Your spy has failed to hinder the enemy agent."	"True"
"message_event_text_text_roman_agent_your_any_steal_character_kill"	"You are currently unable to field more agents of this type, so the enemy agent has been eliminated instead of recruited."	"True"
"message_event_text_text_age_agent_theirs_discredit_character_fail"	"An enemy dignitary has failed to slander your unwavering character."	"True"
"message_event_text_text_age_agent_theirs_trap_character_success"	"An enemy champion has succeeded in trapping your agent, exposing them to other actions."	"True"
"message_event_text_text_roman_agent_your_dignitary_discredit_fail"	"Your dignitary's target proved immune to slander."	"True"
"message_event_text_text_roman_agent_your_spy_slow_character_zeal_success"	"Your spy has hindered the enemy agent's progress."	"True"
"message_event_text_text_roman_agent_their_dignitary_anti_army_authority_success_critical"	"An enemy dignitary has bribed your traitorous general, causing them to leave their post and join the enemy."	"True"
